packet_count,total_bytes,duration_seconds,avg_packet_size,min_packet_size,max_packet_size,packet_size_std,avg_inter_arrival_time,inter_arrival_time_std,packets_per_second,bytes_per_second,forward_packet_count,reverse_packet_count,forward_reverse_ratio,burst_count,avg_burst_size,esp_packet_count,ike_packet_count,ah_packet_count,tcp_packet_count,udp_packet_count,unique_endpoints_count,unique_spi_count,label,is_anomaly
1326,276015.051461973,26.81654298686023,208.15614740721946,176.21914424828972,237.07280246429127,6.499623737270044,0.018153710691204993,0.0028369955678634686,49.4470894570461,10292.715641878855,662,664,0.9969879518072289,4,331.5,1326,0,0,0,1326,1,2,VoIP,0
12111,15047215.656955343,87.88798355756501,1242.4420491252038,80.0,1420.0,227.2737450810651,0.007256872558629759,0.022838315689740367,137.8004080849974,171209.02139141347,1579,10532,0.14992404101785037,36,336.4166666666667,12111,0,0,12111,0,2,2,Video streaming,0
2400,2124257.292552758,28.756976025316366,885.1072052303158,60.0,1420.0,393.6843710297063,0.01198207334388182,0.20296322368059488,83.45801025417785,73869.2862101584,770,1630,0.4723926380368098,35,68.57142857142857,2400,0,0,2400,0,4,2,Web browsing,0
4747,6807053.0411821185,42.97256589643225,1433.9694630676465,70.0,1420.0,119.96737821583598,0.009052573392970772,0.005628109945722505,110.46582630045171,158404.62162738264,4316,431,10.013921113689095,7,678.1428571428571,4747,0,0,4747,0,1,2,File transfer,0
154,20690.76124312684,38.98910102683956,134.35559248783662,70.0,350.0,22.60206371941118,0.2531759806937634,2.8722138431333333,3.9498217692679938,530.6806440313565,91,63,1.4444444444444444,4,38.5,154,0,0,0,154,2,2,Messaging,0
18,1764.0,9.0,98.0,98.0,98.0,0.0,0.5029103400126218,0.005,2.0,196.0,9,9,1.0,18,1.0,0,0,0,0,0,1,0,ICMP/ping,0
52,4453.508935057187,428.9623001657474,85.6444025972536,78.0,120.0,8.0,8.249275003187451,0.2,0.12122277407573495,10.38205206689816,26,26,1.0,26,2.0,0,52,0,0,52,1,1,Tunnel keep-alive,0
1651,350570.32474823546,33.01517691011127,212.33817368154783,186.10395215975961,242.73953410510404,13.200654190149194,0.016337469050086935,0.0017394178221021082,50.007304352634335,10618.459676975692,821,830,0.9891566265060241,2,825.5,1651,0,0,0,1651,1,2,VoIP,0
5297,7093092.597938854,108.43100854704137,1339.0773263996327,80.0,1420.0,213.27387530778793,0.020470267801971188,0.023718800369340168,48.85133939985411,65415.72095459768,553,4744,0.11656829679595278,54,98.0925925925926,5297,0,0,5297,0,2,2,Video streaming,0
2867,2409897.5434605973,46.102606057555946,840.5641937427964,60.0,1420.0,430.95381985836195,0.016080434620703157,0.19668779141596204,62.18737388556185,52272.479791099126,1275,1592,0.8008793969849246,35,81.91428571428571,2867,0,0,2867,0,4,2,Web browsing,0
10571,14426216.23970507,34.83992638202891,1364.6974022992215,70.0,1420.0,101.5636406741194,0.0032958023254213327,0.004810613326357327,303.41625536421117,414071.3755108962,9402,1169,8.042771599657828,12,880.9166666666666,10571,0,0,10571,0,1,2,File transfer,0
82,10427.68291893581,148.6284428373218,127.16686486507085,70.0,350.0,48.274293753904686,1.8125419858209977,2.3225179201024684,0.5517113577631396,70.15940367718994,45,37,1.2162162162162162,7,11.714285714285714,82,0,0,0,82,2,2,Messaging,0
50,4900.0,25.0,98.0,98.0,98.0,0.0,0.5033126343140356,0.005,2.0,196.0,25,25,1.0,50,1.0,0,0,0,0,0,1,0,ICMP/ping,0
39,3968.46259957772,111.5214629048221,101.75545127122359,78.0,120.0,8.0,2.8595246898672335,0.2,0.34970846852398735,35.58474302802682,19,20,1.0,19,2.0,0,39,0,0,39,1,1,Tunnel keep-alive,0
702,152822.4131096984,13.850982321715662,217.69574517051052,184.94459574340624,255.44000002203705,12.08322387742924,0.017305376181632966,0.001478376983753207,50.68232589535543,11033.326702764063,348,354,0.9830508474576272,1,702.0,702,0,0,0,702,1,2,VoIP,0
2028,2590027.5834148014,71.74049173264459,1277.1339168712038,80.0,1420.0,278.4099244072991,0.03537499592339476,0.039927871285098476,28.268554494409532,36102.72972573232,207,1821,0.11367380560131796,27,75.11111111111111,2028,0,0,2028,0,2,2,Video streaming,0
963,970470.2208658666,40.00257261950792,1007.7572386976808,60.0,1420.0,397.153397161449,0.04153953543043398,0.17714267279117568,24.073451704213067,24260.19521535974,419,544,0.7702205882352942,30,32.1,963,0,0,963,0,4,2,Web browsing,0
8374,11441582.522664508,46.93446307320668,1366.3222501390624,70.0,1420.0,107.6979909828793,0.005604784221782503,0.0036077630762239125,178.41900070186244,243777.85050653166,7252,1122,6.463458110516934,6,1395.6666666666667,8374,0,0,8374,0,1,2,File transfer,0
189,29974.035815819047,147.38046452595088,158.59278209428066,70.0,350.0,45.33615026041694,0.7797908175976237,2.6786514754692945,1.2823951980876047,203.37862220905942,105,84,1.25,14,13.5,189,0,0,0,189,2,2,Messaging,0
93,9114.0,46.0,98.0,98.0,98.0,0.0,0.4965591945868868,0.005,2.0217391304347827,198.1304347826087,46,46,1.0,93,1.0,0,0,0,0,0,1,0,ICMP/ping,0
33,3283.759342244509,252.40083256156646,99.50785885589421,78.0,120.0,8.0,7.648510077623226,0.2,0.1307444181744152,13.010097109895717,16,17,1.0,16,2.0,0,33,0,0,33,1,1,Tunnel keep-alive,0
389,75512.04892647386,7.390051924527677,194.11837770301764,157.75808238456779,231.33298936814452,5.104281957967861,0.015609455155603646,0.003042989210310263,52.6383310933045,10218.067436826579,197,192,1.0260416666666667,5,77.8,389,0,0,0,389,1,2,VoIP,0
14545,18429927.945905432,47.137668854399074,1267.0971430667194,80.0,1420.0,277.81859326150493,0.003240816009240225,0.05921132712266246,308.5642619478541,390980.89476661675,1983,12562,0.157857029135488,26,559.4230769230769,14545,0,0,14545,0,2,2,Video streaming,0
1736,1507691.8744916047,20.66622719076072,868.4861028177446,60.0,1420.0,355.5330421031799,0.011904508750438202,0.2023910834949742,84.00178629489355,72954.38400898113,651,1085,0.6,29,59.86206896551724,1736,0,0,1736,0,4,2,Web browsing,0
2854,3950590.0541954404,35.07818178129503,1384.2291710565664,70.0,1420.0,114.4894872091223,0.01229088359540821,0.005405074842498068,81.36111551602305,112622.42948698212,2707,147,18.41496598639456,11,259.45454545454544,2854,0,0,2854,0,1,2,File transfer,0
222,32753.58774995155,72.84125753043875,147.53868355834032,70.0,350.0,29.686397531097036,0.32811377265963404,2.5078493909497395,3.0477233305209084,449.65708803509534,109,113,0.9646017699115044,4,55.5,222,0,0,0,222,2,2,Messaging,0
148,12432.0,74.0,84.0,84.0,84.0,0.0,0.49009463674869314,0.005,2.0,168.0,74,74,1.0,148,1.0,0,0,0,0,0,1,0,ICMP/ping,0
34,2935.4587719350575,523.5137545994087,86.33702270397228,78.0,120.0,8.0,15.397463370570843,0.2,0.06494576255406452,5.607223776157062,17,17,1.0,17,2.0,0,34,0,0,34,1,1,Tunnel keep-alive,0
963,192732.09007421628,19.437564361842284,200.13716518610207,175.6072496821433,233.04062099429106,7.6154964350748715,0.018903382109502372,0.003763750952409864,49.54324431153818,9915.444470633727,482,481,1.002079002079002,2,481.5,963,0,0,0,963,1,2,VoIP,0
12111,14743201.550121266,25.127303856059257,1217.339736613101,80.0,1420.0,338.7040427417844,0.0020747505454594382,0.07141375473666868,481.9856547036392,586740.2899482213,1523,10588,0.1438420853796751,30,403.7,12111,0,0,12111,0,2,2,Video streaming,0
2493,1947912.07681191,59.01925888311896,781.3526180553189,60.0,1420.0,427.49538369065215,0.02367399072728398,0.11520729370760226,42.24044908691767,33004.685481895525,1120,1373,0.8157319737800437,37,67.37837837837837,2493,0,0,2493,0,4,2,Web browsing,0
22932,30884789.085651457,91.03762514469975,1346.7987565694862,70.0,1420.0,134.92095746126608,0.003969894694954637,0.0075336011098321555,251.89585035363933,339253.0180412948,21549,1383,15.581344902386117,12,1911.0,22932,0,0,22932,0,1,2,File transfer,0
73,12393.077242407393,142.57884279579605,169.768181402841,70.0,350.0,45.68126584617151,1.953134832819124,0.710349912487622,0.5119974223984403,86.92087128352541,31,42,0.7380952380952381,8,9.125,73,0,0,0,73,2,2,Messaging,0
113,11074.0,56.0,98.0,98.0,98.0,0.0,0.4815019706283577,0.005,2.017857142857143,197.75,56,56,1.0,113,1.0,0,0,0,0,0,1,0,ICMP/ping,0
30,3110.58937303516,418.29095531835014,103.68631243450534,78.0,120.0,8.0,13.943031843945004,0.2,0.07172041283361673,7.43642513299809,15,15,1.0,15,2.0,0,30,0,0,30,1,1,Tunnel keep-alive,0
1113,253749.10546356172,21.9208080514175,227.98661766717134,194.94739247711934,252.47200385638254,15.682688320213037,0.02142149876273536,0.0019489963499872004,50.77367574175845,11575.718598893218,555,558,0.9946236559139785,4,278.25,1113,0,0,0,1113,1,2,VoIP,0
10719,14084325.444003288,81.45961889519361,1313.958899524516,80.0,1420.0,285.24629050032075,0.007599553959809088,0.016557233747966475,131.58667012413994,172899.47626841045,1466,9253,0.15843510212903922,36,297.75,10719,0,0,10719,0,2,2,Video streaming,0
2897,2702507.790756193,37.44289661582991,932.8642701954411,60.0,1420.0,496.8339287412514,0.012924714054480466,0.17168553823986377,77.37115078792333,72176.78211395752,1262,1635,0.7718654434250765,34,85.20588235294117,2897,0,0,2897,0,4,2,Web browsing,0
18609,26628232.260635514,41.50705669252081,1430.9330034196096,70.0,1420.0,186.4167565071903,0.0022304829218400134,0.0030716674141739978,448.333403590941,641535.063733721,16746,1863,8.988727858293077,8,2326.125,18609,0,0,18609,0,1,2,File transfer,0
54,9142.239020135941,140.65418243207253,169.30072259511002,70.0,350.0,21.74415087017735,2.6047070820754175,2.9863762769933526,0.38392032903876666,64.9979891252156,26,28,0.9285714285714286,7,7.714285714285714,54,0,0,0,54,2,2,Messaging,0
15,1260.0,7.0,84.0,84.0,84.0,0.0,0.5060612936309908,0.005,2.142857142857143,180.0,7,7,1.0,15,1.0,0,0,0,0,0,1,0,ICMP/ping,0
36,2612.077346250144,580.3547876281965,72.557704062504,78.0,120.0,8.0,16.120966323005458,0.2,0.062031020967579835,4.500828462060638,18,18,1.0,18,2.0,0,36,0,0,36,1,1,Tunnel keep-alive,0
1192,221422.59947220198,23.415346256006128,185.7572143223171,160.38771718451397,215.46281180784342,10.590303006410739,0.01820930800531174,0.002578765867237889,50.90678510441619,9456.302591101177,596,596,1.0,3,397.3333333333333,1192,0,0,0,1192,1,2,VoIP,0
2895,3852692.0667888983,17.745774393449828,1330.8090040721584,80.0,1420.0,253.7970171944246,0.0061298011721761065,0.027791455434881714,163.13742842738822,217104.75865234554,374,2521,0.14835382784609283,40,72.375,2895,0,0,2895,0,2,2,Video streaming,0
884,610292.2917061053,51.67683872085709,690.3758955951417,60.0,1420.0,370.49319971630433,0.058457962353910736,0.22722774922752964,17.106309555333,11809.78377959075,338,546,0.6190476190476191,17,52.0,884,0,0,884,0,4,2,Web browsing,0
21190,29871626.063420944,47.780277080164886,1409.7039199349194,70.0,1420.0,108.15941804002404,0.0022548502633395417,0.001046663764965881,443.4884285925718,625187.376232726,19342,1848,10.466450216450216,8,2648.75,21190,0,0,21190,0,1,2,File transfer,0
283,29461.001702928726,129.33436913380956,104.10247951564921,70.0,350.0,51.83170677744404,0.4570119050664649,2.7250133545439157,2.1881268057000973,227.78942596803734,132,151,0.8741721854304636,14,20.214285714285715,283,0,0,0,283,2,2,Messaging,0
107,10486.0,53.0,98.0,98.0,98.0,0.0,0.5188954765612658,0.005,2.018867924528302,197.8490566037736,53,53,1.0,107,1.0,0,0,0,0,0,1,0,ICMP/ping,0
56,4773.549348836018,311.4229297915285,85.24195265778603,78.0,120.0,8.0,5.561123746277294,0.2,0.17981977125925602,15.328188428615416,28,28,1.0,28,2.0,0,56,0,0,56,1,1,Tunnel keep-alive,0
774,156539.56944670275,15.961840888310531,202.24750574509397,177.2424785347767,223.02420043368244,9.548982720098342,0.020422722104213965,0.003148329708786622,48.4906475021205,9807.112509268445,386,388,0.9948453608247423,1,774.0,774,0,0,0,774,1,2,VoIP,0
4124,5263001.386815067,39.86972074017161,1276.1885031074364,80.0,1420.0,326.3034612517972,0.00966773053835393,0.023606602379641115,103.43689204335895,132004.97242289974,582,3542,0.16431394692264256,49,84.16326530612245,4124,0,0,4124,0,2,2,Video streaming,0
2970,2620262.704730617,12.609420082979074,882.2433349261336,60.0,1420.0,369.91181333644545,0.004245595987535042,0.29238421677853976,235.5381913248396,207801.9994168962,1209,1761,0.686541737649063,26,114.23076923076923,2970,0,0,2970,0,4,2,Web browsing,0
23136,33264696.80375961,45.89388113003151,1437.789453827784,70.0,1420.0,125.08605273466611,0.0019836566878471433,0.0026590030689823303,504.1194911027155,724817.6877765136,19852,3284,6.045066991473813,19,1217.6842105263158,23136,0,0,23136,0,1,2,File transfer,0
148,19114.416083662807,39.46003441204378,129.1514600247487,70.0,350.0,26.257481706843443,0.26662185413543094,1.1256072454114883,3.7506302821375197,484.39937695109575,75,73,1.0273972602739727,11,13.454545454545455,148,0,0,0,148,2,2,Messaging,0
126,10584.0,63.0,84.0,84.0,84.0,0.0,0.5212215619701264,0.005,2.0,168.0,63,63,1.0,126,1.0,0,0,0,0,0,1,0,ICMP/ping,0
8,818.5972208440918,193.77473433062502,102.32465260551147,78.0,120.0,8.0,24.221841791328128,0.2,0.04128505208708029,4.2244786126109375,4,4,1.0,4,2.0,0,8,0,0,8,1,1,Tunnel keep-alive,0
1879,366234.3973267725,37.23864644764249,194.90920560232703,173.0732242860582,216.79234536769823,9.671199640869414,0.01755418719043423,0.0049180421144860344,50.458332384391916,9834.793481060002,938,941,0.9968119022316685,5,375.8,1879,0,0,0,1879,1,2,VoIP,0
13838,20051939.68223901,48.093475319834084,1449.0489725566563,80.0,1420.0,207.20883862955506,0.0034754643243123345,0.07644020121139701,287.7313379408269,416936.7996155073,2610,11228,0.2324545778411115,45,307.5111111111111,13838,0,0,13838,0,2,2,Video streaming,0
2909,2211396.2161456337,56.338996944371566,760.1912052752265,60.0,1420.0,425.1559825872889,0.019367135422609684,0.18484436210001565,51.63386211636517,39251.60787525449,1171,1738,0.6737629459148446,23,126.47826086956522,2909,0,0,2909,0,4,2,Web browsing,0
21223,30246448.138291318,94.95024441046814,1425.1730734717673,70.0,1420.0,167.7168342382982,0.004473931320287808,0.0061603033750474,223.51706550910353,318550.50322499947,18312,2911,6.290621779457231,17,1248.4117647058824,21223,0,0,21223,0,1,2,File transfer,0
198,30350.430054253633,149.5087108764724,153.28500027400824,70.0,350.0,45.03758680406291,0.7550944993761233,2.5510671094281703,1.3243375508975677,203.00108185221308,104,94,1.1063829787234043,13,15.23076923076923,198,0,0,0,198,2,2,Messaging,0
53,4452.0,26.0,84.0,84.0,84.0,0.0,0.4951356723394764,0.005,2.0384615384615383,171.23076923076923,26,26,1.0,53,1.0,0,0,0,0,0,1,0,ICMP/ping,0
13,1222.9877739671435,268.1141753214051,94.0759826128572,78.0,120.0,8.0,20.62416733241578,0.2,0.048486805982623234,4.561443916574244,6,7,1.0,6,2.0,0,13,0,0,13,1,1,Tunnel keep-alive,0
1169,223465.48898698323,22.903271935735823,191.15952864583682,168.7962320934037,225.09427195311983,14.43414270169826,0.022548806291063074,0.004509888054108212,51.04074226949282,9756.924233969885,582,587,0.9914821124361158,9,129.88888888888889,1169,0,0,0,1169,1,2,VoIP,0
12540,13827345.310142744,116.43386066722722,1102.6591156413672,80.0,1420.0,285.27804256249374,0.00928499686341525,0.05031472026806593,107.70062873582658,118757.08003586574,2171,10369,0.20937409586266756,50,250.8,12540,0,0,12540,0,2,2,Video streaming,0
1077,1062727.553602598,18.750904706885756,986.7479606337956,60.0,1420.0,437.08160185158647,0.017410310777052698,0.2667791518024305,57.43722859433557,56676.06817991776,413,664,0.6219879518072289,19,56.68421052631579,1077,0,0,1077,0,4,2,Web browsing,0
5440,7420821.212160503,71.18603019102213,1364.1215463530336,70.0,1420.0,137.7728886176295,0.013085667314526126,0.005808947261775071,76.41948828165002,104245.47052627195,4894,546,8.963369963369964,13,418.46153846153845,5440,0,0,5440,0,1,2,File transfer,0
206,32911.55904553435,26.997430817516776,159.76484973560363,70.0,350.0,22.139411869894758,0.13105548940542125,2.896353742207996,7.630355695414572,1219.0626311071164,117,89,1.3146067415730338,11,18.727272727272727,206,0,0,0,206,2,2,Messaging,0
37,3626.0,18.0,98.0,98.0,98.0,0.0,0.4979979510426893,0.005,2.0555555555555554,201.44444444444446,18,18,1.0,37,1.0,0,0,0,0,0,1,0,ICMP/ping,0
52,5836.854918960524,104.97358204544021,112.24720998001007,78.0,120.0,8.0,2.018722731643081,0.2,0.4953627282861569,55.603084178206934,26,26,1.0,26,2.0,0,52,0,0,52,1,1,Tunnel keep-alive,0
1292,281751.4062240688,25.633210771698064,218.07384382667863,183.02635323792504,253.9054247011956,16.84427214191831,0.016410018592359434,0.0013648244121947616,50.40336193179954,10991.65487825481,650,642,1.0124610591900312,7,184.57142857142858,1292,0,0,0,1292,1,2,VoIP,0
7541,10240750.23277626,70.4481770556109,1358.00957867342,80.0,1420.0,252.6372518828118,0.009342020561677615,0.018194691149932413,107.04322404321734,145365.72358277405,861,6680,0.12889221556886227,24,314.2083333333333,7541,0,0,7541,0,2,2,Video streaming,0
1053,844877.8292733898,39.00199348239436,802.3531142197434,60.0,1420.0,365.1684014184185,0.03703893018271069,0.07102670152874936,26.99861996734418,21662.42681043395,426,627,0.6794258373205742,17,61.94117647058823,1053,0,0,1053,0,4,2,Web browsing,0
21065,28280823.801707886,23.194433952282296,1342.5503822315636,70.0,1420.0,158.13054172267823,0.0011010887231085828,0.008768246697901036,908.1920275932079,1219293.55378492,19759,1306,15.129402756508423,5,4213.0,21065,0,0,21065,0,1,2,File transfer,0
236,33506.15318403993,110.62108559961834,141.97522535610142,70.0,350.0,34.00872986801254,0.4687334135577048,2.2704529889579996,2.133408822746305,302.8911983861017,117,119,0.9831932773109243,14,16.857142857142858,236,0,0,0,236,2,2,Messaging,0
191,16044.0,95.0,84.0,84.0,84.0,0.0,0.5085765962320202,0.005,2.0105263157894737,168.8842105263158,95,95,1.0,191,1.0,0,0,0,0,0,1,0,ICMP/ping,0
44,3977.6270468160924,294.6039960236665,90.40061470036574,78.0,120.0,8.0,6.695545364174239,0.2,0.14935303184572327,13.501605886216684,22,22,1.0,22,2.0,0,44,0,0,44,1,1,Tunnel keep-alive,0
372,70592.52828574955,6.951353644767419,189.7648609831977,167.38850265783628,212.1153859187398,14.738154531740953,0.019855413543392562,0.003984179517061693,53.51475683876626,10155.220392058109,189,183,1.0327868852459017,1,372.0,372,0,0,0,372,1,2,VoIP,0
8576,11131025.36992049,105.54590410084063,1297.9273985448333,80.0,1420.0,211.06948471030984,0.01230712501175847,0.04876979990809246,81.25374521219052,105461.46214528315,1688,6888,0.2450638792102207,32,268.0,8576,0,0,8576,0,2,2,Video streaming,0
2194,1802395.327277831,39.61692509743944,821.5110880938154,60.0,1420.0,454.36230334769255,0.018056939424539398,0.1636352661919433,55.38037075325174,45495.58863654275,864,1330,0.649624060150376,29,75.65517241379311,2194,0,0,2194,0,4,2,Web browsing,0
5330,7758849.489021506,91.10422094418901,1455.6940879965302,70.0,1420.0,127.73811829811326,0.017092724379772797,0.002693090437513852,58.50442432590681,85164.54461286293,4777,553,8.638336347197107,14,380.7142857142857,5330,0,0,5330,0,1,2,File transfer,0
197,23599.13094462588,55.20944724392062,119.79254286612121,70.0,350.0,34.41380380821073,0.28025100123817576,1.1498746571356566,3.568229892424663,427.4473323444565,96,101,0.9504950495049505,3,65.66666666666667,197,0,0,0,197,2,2,Messaging,0
170,14280.0,85.0,84.0,84.0,84.0,0.0,0.5057134751032679,0.005,2.0,168.0,85,85,1.0,170,1.0,0,0,0,0,0,1,0,ICMP/ping,0
34,3457.9780988044913,131.91996762082482,101.7052382001321,78.0,120.0,8.0,3.879999047671318,0.2,0.257732022022061,26.212696691555408,17,17,1.0,17,2.0,0,34,0,0,34,1,1,Tunnel keep-alive,0
1770,318947.80835360195,35.72253724292317,180.19650189469036,141.5419322276101,217.51777968469852,5.678280051592841,0.025494376297563064,0.001105467897989008,49.54855216368056,8928.475773841828,880,890,0.9887640449438202,6,295.0,1770,0,0,0,1770,1,2,VoIP,0
12328,15172527.368456293,62.84070900529901,1230.737132418583,80.0,1420.0,324.3746331059772,0.0050973969017925865,0.04983570284160234,196.17856315020964,241444.24225348694,1311,11017,0.11899791231732777,55,224.14545454545456,12328,0,0,12328,0,2,2,Video streaming,0
610,605328.6298632924,20.037388956188842,992.3420161693319,60.0,1420.0,358.45632449763906,0.03284817861670302,0.2661805940637633,30.443088235385705,30209.95555792352,257,353,0.7280453257790368,38,16.05263157894737,610,0,0,610,0,4,2,Web browsing,0
11860,17024875.816299878,99.69731533665149,1435.4869996880168,70.0,1420.0,194.47657298824282,0.008406181731589501,0.008646826516096703,118.96007389920094,170765.6395642287,10374,1486,6.981157469717362,18,658.8888888888889,11860,0,0,11860,0,1,2,File transfer,0
20,2956.229240548974,172.1886746339828,147.8114620274487,70.0,350.0,44.246985378035205,8.60943373169914,1.0716070137586569,0.11615165772379342,17.168546345065707,10,10,1.0,4,5.0,20,0,0,0,20,2,2,Messaging,0
101,8484.0,50.0,84.0,84.0,84.0,0.0,0.503323140119796,0.005,2.02,169.68,50,50,1.0,101,1.0,0,0,0,0,0,1,0,ICMP/ping,0
39,3296.090250742944,317.15377626606767,84.51513463443446,78.0,120.0,8.0,8.13214810938635,0.2,0.12296873920013487,10.392719549326058,19,20,1.0,19,2.0,0,39,0,0,39,1,1,Tunnel keep-alive,0
970,196473.10573730135,19.420163501111993,202.54959354360963,171.3308341129019,240.08266559677654,11.052242993185956,0.023459735559285367,0.0015360609138025628,49.94808617056484,10116.964552129097,486,484,1.0041322314049588,5,194.0,970,0,0,0,970,1,2,VoIP,0
7996,10364807.674350422,80.32974926716666,1296.2490838357205,80.0,1420.0,291.2131774312828,0.010046241779285476,0.05456510251355979,99.53971066692002,129028.25875726777,1243,6753,0.18406634088553236,48,166.58333333333334,7996,0,0,7996,0,2,2,Video streaming,0
1431,1181932.629075294,35.10954687945113,825.9487275159286,60.0,1420.0,417.63656711241566,0.024534973360902258,0.27761781960081827,40.758144926032465,33664.13793756632,493,938,0.5255863539445629,17,84.17647058823529,1431,0,0,1431,0,4,2,Web browsing,0
12320,16495229.850414334,95.45685612918778,1338.8985268193453,70.0,1420.0,145.91357562382615,0.00774812143905745,0.009820293177569293,129.06354241676016,172802.98680788628,11078,1242,8.919484702093397,17,724.7058823529412,12320,0,0,12320,0,1,2,File transfer,0
145,20098.639591499756,117.67814523384338,138.61130752758453,70.0,350.0,29.605824751127724,0.8115734154058164,0.6896583202716597,1.232174417024199,170.79330704576344,61,84,0.7261904761904762,9,16.11111111111111,145,0,0,0,145,2,2,Messaging,0
89,7476.0,44.0,84.0,84.0,84.0,0.0,0.5161179276571843,0.005,2.022727272727273,169.9090909090909,44,44,1.0,89,1.0,0,0,0,0,0,1,0,ICMP/ping,0
9,754.8340006693212,158.2152455755382,83.87044451881347,78.0,120.0,8.0,17.579471730615357,0.2,0.05688453073697657,4.770930879154333,4,5,1.0,4,2.0,0,9,0,0,9,1,1,Tunnel keep-alive,0
1919,385057.9813008058,38.29166121435753,200.6555400212641,161.193333035862,232.6942479320833,8.357735988594808,0.02322104603629626,0.0042871625473777965,50.115349899744416,10055.92259748782,955,964,0.9906639004149378,6,319.8333333333333,1919,0,0,0,1919,1,2,VoIP,0
14716,16310205.75376386,70.35868401281495,1108.3314592120046,80.0,1420.0,334.1325894343888,0.004781101115304087,0.019012387880975076,209.15683979137054,231815.10545014119,1957,12759,0.1533819264832667,41,358.9268292682927,14716,0,0,14716,0,2,2,Video streaming,0
2941,2592647.2262293347,48.96757193999734,881.5529500949795,60.0,1420.0,444.1850584236362,0.016649973458006576,0.07043975798721798,60.0601558027784,52946.2075311034,1267,1674,0.7568697729988052,38,77.39473684210526,2941,0,0,2941,0,4,2,Web browsing,0
22527,31887883.725559674,15.497016386937737,1415.5406279380154,70.0,1420.0,174.82596903836583,0.0006879307669435671,0.002660689174207396,1453.6346505374904,2057678.906014297,19619,2908,6.74656121045392,19,1185.6315789473683,22527,0,0,22527,0,1,2,File transfer,0
75,9336.818020245839,92.36890748247363,124.4909069366112,70.0,350.0,44.73019086121184,1.2315854330996485,1.422284098924431,0.8119615360204486,101.08182801682955,36,39,0.9230769230769231,12,6.25,75,0,0,0,75,2,2,Messaging,0
23,1932.0,11.0,84.0,84.0,84.0,0.0,0.5085140209237883,0.005,2.090909090909091,175.63636363636363,11,11,1.0,23,1.0,0,0,0,0,0,1,0,ICMP/ping,0
52,4270.273360185799,515.9979632221596,82.12064154203459,78.0,120.0,8.0,9.923037754272299,0.2,0.10077559158428642,8.275756232679663,26,26,1.0,26,2.0,0,52,0,0,52,1,1,Tunnel keep-alive,0
562,111321.65470381714,11.272113485265315,198.08123612778851,167.42889079868806,222.9306462004831,9.038648464240715,0.017133378678198724,0.0025091366524184907,49.85755339800609,9875.845807384268,285,277,1.0288808664259927,7,80.28571428571429,562,0,0,0,562,1,2,VoIP,0
2976,3827199.3164068214,102.47809844657242,1286.0212756743351,80.0,1420.0,234.9824617324702,0.03443484490812245,0.03400488049947822,29.040351500584837,37346.5098828132,438,2538,0.17257683215130024,24,124.0,2976,0,0,2976,0,2,2,Video streaming,0
166,118689.82734423513,40.68525621603668,714.9989599050309,60.0,1420.0,421.9373152631375,0.2450919049158836,0.19604987117854233,4.080102116564003,2917.2687696495773,68,98,0.6938775510204082,22,7.545454545454546,166,0,0,166,0,4,2,Web browsing,0
9943,13221932.534907699,62.78818911946832,1329.7729593591168,70.0,1420.0,133.7446833871918,0.006314813348030607,0.009096826574305113,158.35780804382267,210579.93104005704,9055,888,10.197072072072071,15,662.8666666666667,9943,0,0,9943,0,1,2,File transfer,0
248,41338.22826785546,168.72761003917867,166.6864043058688,70.0,350.0,20.301374525362988,0.6803532662870108,1.0633319942813206,1.4698246478001686,244.99978550195013,117,131,0.8931297709923665,6,41.333333333333336,248,0,0,0,248,2,2,Messaging,0
103,8652.0,51.0,84.0,84.0,84.0,0.0,0.5017396632916957,0.005,2.019607843137255,169.64705882352942,51,51,1.0,103,1.0,0,0,0,0,0,1,0,ICMP/ping,0
16,1617.2595115587885,527.3738479827493,101.07871947242428,78.0,120.0,8.0,32.960865498921834,0.2,0.030339009151101038,3.066628195055455,8,8,1.0,8,2.0,0,16,0,0,16,1,1,Tunnel keep-alive,0
845,191753.71075539885,17.37506716294514,226.92746834958444,190.51023888651739,261.29661376631555,13.025550980673659,0.019776477060406483,0.002906477936505648,48.63290553501201,11036.142131544766,421,424,0.9929245283018868,6,140.83333333333334,845,0,0,0,845,1,2,VoIP,0
14721,19172344.635696813,45.6047160044668,1302.3805879829367,80.0,1420.0,236.36145986226205,0.0030979360100853747,0.01803857773174425,322.79556347984135,420402.6757631592,2370,12351,0.1918872965751761,52,283.09615384615387,14721,0,0,14721,0,2,2,Video streaming,0
1928,946812.6871858034,32.83571759976408,491.0854186648358,60.0,1420.0,489.8021513385401,0.017030973858798797,0.1301605480398786,58.71654834837087,28834.84072821378,750,1178,0.6366723259762309,13,148.30769230769232,1928,0,0,1928,0,4,2,Web browsing,0
14977,21715305.7349511,50.88411749971897,1449.9102447052883,70.0,1420.0,120.17304623302358,0.0033974839754102267,0.0071611439309185,294.33545742603707,426759.99510202836,12862,2115,6.081323877068558,19,788.2631578947369,14977,0,0,14977,0,1,2,File transfer,0
120,22751.976383054804,10.460852900436045,189.59980319212337,70.0,350.0,24.667842565667254,0.08717377417030038,1.6829155026297307,11.471339970280816,2174.9638007151807,62,58,1.0689655172413792,5,24.0,120,0,0,0,120,2,2,Messaging,0
103,8652.0,51.0,84.0,84.0,84.0,0.0,0.5016972928439037,0.005,2.019607843137255,169.64705882352942,51,51,1.0,103,1.0,0,0,0,0,0,1,0,ICMP/ping,0
17,1579.1969662547604,264.7834358804522,92.8939391914565,78.0,120.0,8.0,15.575496228261894,0.2,0.0642034119070627,5.964107841578717,8,9,1.0,8,2.0,0,17,0,0,17,1,1,Tunnel keep-alive,0
712,154871.91241852674,14.481120649290059,217.5167309248971,194.7212833923713,253.42207716209492,8.024409800716167,0.02076326252990364,0.0016546237714628181,49.167465505157985,10694.74636454461,355,357,0.9943977591036415,5,142.4,712,0,0,0,712,1,2,VoIP,0
3898,4300864.052926019,83.17169427658202,1103.35147586609,80.0,1420.0,331.58008112196626,0.021337017515798362,0.03747115751958448,46.866906270268544,51710.670202578505,708,3190,0.22194357366771159,53,73.54716981132076,3898,0,0,3898,0,2,2,Video streaming,0
715,617254.7888369801,25.731943618369918,863.2934109608113,60.0,1420.0,419.401967850441,0.0359887323333845,0.12534446854103554,27.786474687033152,23987.880511145093,294,421,0.6983372921615202,22,32.5,715,0,0,715,0,4,2,Web browsing,0
11184,15465510.773973558,30.89914256321356,1382.8246400190949,70.0,1420.0,154.35528611139887,0.0027627988701013555,0.009158248998680923,361.9517912874035,500515.8554912703,10204,980,10.412244897959184,7,1597.7142857142858,11184,0,0,11184,0,1,2,File transfer,0
217,34845.34449341666,169.77146101429076,160.57762439362517,70.0,350.0,45.10832212285671,0.7823569631994967,1.3372640366427153,1.2781889176398953,205.2485399208734,92,125,0.736,3,72.33333333333333,217,0,0,0,217,2,2,Messaging,0
164,16072.0,82.0,98.0,98.0,98.0,0.0,0.5097007777791372,0.005,2.0,196.0,82,82,1.0,164,1.0,0,0,0,0,0,1,0,ICMP/ping,0
38,3769.893758673419,78.10751475732087,99.20773049140577,78.0,120.0,8.0,2.0554609146663387,0.2,0.48650888609201753,48.265442453090905,19,19,1.0,19,2.0,0,38,0,0,38,1,1,Tunnel keep-alive,0
797,179031.25972558948,16.154064082223613,224.63144256661164,202.57312195172875,255.36106959630354,10.682323483353736,0.019883563151839923,0.0028280008771267135,49.33742963648641,11082.737991772641,396,401,0.9875311720698254,8,99.625,797,0,0,0,797,1,2,VoIP,0
4228,4541571.73691416,69.38467008241204,1074.1655006892524,80.0,1420.0,315.78229708973674,0.01641075451334249,0.010854215062263117,60.935650410647895,65454.97343317885,675,3553,0.18998029833943147,50,84.56,4228,0,0,4228,0,2,2,Video streaming,0
893,690945.7222050386,18.848948239882404,773.7354112038506,60.0,1420.0,401.8543990255879,0.021107444837494292,0.09539942920035642,47.376648746400896,36656.99079925689,389,504,0.7718253968253969,13,68.6923076923077,893,0,0,893,0,4,2,Web browsing,0
13397,18884826.100945257,46.07662750872759,1409.6309696906217,70.0,1420.0,115.33514031160801,0.0034393242896713886,0.006276068488151176,290.7547866315175,409856.95182157576,12065,1332,9.057807807807809,13,1030.5384615384614,13397,0,0,13397,0,1,2,File transfer,0
130,18019.34981954102,133.43624963060813,138.61038322723863,70.0,350.0,43.71851621035286,1.0264326894662164,0.7555316605629989,0.9742480050202197,135.04088933422534,75,55,1.3636363636363635,7,18.571428571428573,130,0,0,0,130,2,2,Messaging,0
129,10836.0,64.0,84.0,84.0,84.0,0.0,0.4920952554455469,0.005,2.015625,169.3125,64,64,1.0,129,1.0,0,0,0,0,0,1,0,ICMP/ping,0
33,3191.5845578548788,262.1950996490279,96.71468357135996,78.0,120.0,8.0,7.945306049970542,0.2,0.12586047582191093,12.172556093256915,16,17,1.0,16,2.0,0,33,0,0,33,1,1,Tunnel keep-alive,0
1213,231184.11339875183,23.837321065488787,190.58871673433785,166.86229914445545,227.33853251438768,9.982196189824084,0.01851383227120626,0.0022457770561825647,50.886590681373086,9698.410016948412,603,610,0.9885245901639345,8,151.625,1213,0,0,0,1213,1,2,VoIP,0
3708,4509965.362343813,51.723626822410374,1216.279763307393,80.0,1420.0,318.16848330717386,0.013949198172171082,0.05226050722110973,71.68870838719742,87193.5252689932,413,3295,0.12534142640364188,39,95.07692307692308,3708,0,0,3708,0,2,2,Video streaming,0
1725,1551280.472966483,55.59205890270183,899.2930278066568,60.0,1420.0,401.9518991548942,0.03222728052330541,0.13673830047405694,31.029611675637423,27904.713435448768,708,1017,0.696165191740413,24,71.875,1725,0,0,1725,0,4,2,Web browsing,0
8783,11911833.345648771,30.214434064598375,1356.2374297675933,70.0,1420.0,117.63869865062233,0.0034401040720253187,0.005485309954655318,290.68888006381223,394243.1395597649,7833,950,8.245263157894737,12,731.9166666666666,8783,0,0,8783,0,1,2,File transfer,0
180,24529.334999717114,71.60696284982762,136.27408333176174,70.0,350.0,43.22353401112174,0.39781646027682016,2.080660719798826,2.513722029762547,342.5551653567466,72,108,0.6666666666666666,7,25.714285714285715,180,0,0,0,180,2,2,Messaging,0
58,4872.0,29.0,84.0,84.0,84.0,0.0,0.4996296408628088,0.005,2.0,168.0,29,29,1.0,58,1.0,0,0,0,0,0,1,0,ICMP/ping,0
25,2407.3620613459175,283.8970268125928,96.2944824538367,78.0,120.0,8.0,11.355881072503712,0.2,0.08806009798934279,8.47970156071791,12,13,1.0,12,2.0,0,25,0,0,25,1,1,Tunnel keep-alive,0
675,129144.57153036108,13.53506971893366,191.3252911560905,165.12655263071827,219.27165346524245,11.40183358005124,0.01726832646578036,0.004199128088297078,49.8704486949018,9541.47811663696,332,343,0.967930029154519,8,84.375,675,0,0,0,675,1,2,VoIP,0
8186,10311100.51985543,17.22795033711876,1259.6018226063316,80.0,1420.0,278.658540399137,0.0021045627091520595,0.04085339228567597,475.1580913466369,598509.9978863697,1146,7040,0.1627840909090909,52,157.42307692307693,8186,0,0,8186,0,2,2,Video streaming,0
1046,1046501.199926899,13.538213526189187,1000.4791586299226,60.0,1420.0,377.28921957429066,0.012942842759263086,0.2654464052533793,77.2627790200347,77299.80014737396,462,584,0.791095890410959,39,26.82051282051282,1046,0,0,1046,0,4,2,Web browsing,0
6873,9324480.3664234,34.367020582919835,1356.6827246360251,70.0,1420.0,102.53863556603449,0.005000293988494084,0.0024053733762957135,199.9882411516299,271320.59190075967,6334,539,11.75139146567718,17,404.29411764705884,6873,0,0,6873,0,1,2,File transfer,0
27,4962.782549310945,14.606318725592192,183.80676108559055,70.0,350.0,28.878886477317977,0.5409747676145257,1.0776869914701785,1.8485150507288635,339.76956429243853,14,13,1.0769230769230769,10,2.7,27,0,0,0,27,2,2,Messaging,0
63,5292.0,31.0,84.0,84.0,84.0,0.0,0.4947547973372023,0.005,2.032258064516129,170.70967741935485,31,31,1.0,63,1.0,0,0,0,0,0,1,0,ICMP/ping,0
38,3681.9623332666088,360.6296557830177,96.89374561227918,78.0,120.0,8.0,9.490254099553098,0.2,0.10537125660809131,10.209815732630592,19,19,1.0,19,2.0,0,38,0,0,38,1,1,Tunnel keep-alive,0
1487,315553.234470697,29.339441392759344,212.2079586218541,175.09402925972836,248.81235591319393,10.957752944276823,0.017178758676296292,0.0036723405462825848,50.68262821005772,10755.257070046744,742,745,0.9959731543624161,7,212.42857142857142,1487,0,0,0,1487,1,2,VoIP,0
1943,2698928.518191466,19.561751644538425,1389.0522481685364,80.0,1420.0,327.2192143200325,0.010067808360544737,0.0185943822763896,99.32648340019585,137969.67506971688,364,1579,0.2305256491450285,43,45.18604651162791,1943,0,0,1943,0,2,2,Video streaming,0
2847,2597575.3179760743,43.71703743261802,912.3903470235596,60.0,1420.0,486.5936005310456,0.0153554750378005,0.20619031776081276,65.123351608355,59417.9173732843,997,1850,0.538918918918919,38,74.92105263157895,2847,0,0,2847,0,4,2,Web browsing,0
3409,4859721.456512819,42.67532909755815,1425.5563087453268,70.0,1420.0,136.27578946659455,0.012518430360093325,0.008749612179772496,79.88221935457929,113876.60175749855,2972,437,6.80091533180778,14,243.5,3409,0,0,3409,0,1,2,File transfer,0
299,36851.45702817378,29.42044740646746,123.24902016111633,70.0,350.0,42.63106479866242,0.09839614517213198,2.9634182806043365,10.16299976234458,1252.5797626066276,147,152,0.9671052631578947,3,99.66666666666667,299,0,0,0,299,2,2,Messaging,0
123,10332.0,61.0,84.0,84.0,84.0,0.0,0.5170142924352618,0.005,2.0163934426229506,169.37704918032787,61,61,1.0,123,1.0,0,0,0,0,0,1,0,ICMP/ping,0
7,650.1389638003214,402.0782387061195,92.87699482861736,78.0,120.0,8.0,57.439748386588505,0.2,0.017409547013849527,1.6169464079738731,3,4,1.0,3,2.0,0,7,0,0,7,1,1,Tunnel keep-alive,0
1582,292652.98184200446,31.358023107494088,184.98924263084984,162.34371840834325,223.00068865557756,15.368327864144815,0.025561896131935637,0.003732735425781926,50.44960884737425,9332.634931698385,791,791,1.0,2,791.0,1582,0,0,0,1582,1,2,VoIP,0
11367,13067873.322272567,22.952619117915525,1149.6325611218938,80.0,1420.0,283.126700377369,0.002019232789470883,0.055599427184630505,495.23759975294314,569341.2701678354,2079,9288,0.2238372093023256,37,307.2162162162162,11367,0,0,11367,0,2,2,Video streaming,0
441,390824.6246389788,12.5287096537844,886.2236386371401,60.0,1420.0,485.0027962772158,0.028409772457561,0.2684725193906288,35.1991555544423,31194.323712412555,171,270,0.6333333333333333,19,23.210526315789473,441,0,0,441,0,4,2,Web browsing,0
16060,21436466.795344412,69.853300709163,1334.7737730600506,70.0,1420.0,151.89177052828376,0.004349520592102304,0.0014226937009754956,229.91039559986507,306878.36620056076,13918,2142,6.497665732959851,15,1070.6666666666667,16060,0,0,16060,0,1,2,File transfer,0
212,22898.242076300783,24.0757735472715,108.01057583160747,70.0,350.0,44.12608437865553,0.11356496956260141,1.1133727742033024,8.805532232796146,951.090606968092,101,111,0.9099099099099099,10,21.2,212,0,0,0,212,2,2,Messaging,0
20,1960.0,10.0,98.0,98.0,98.0,0.0,0.502304872146035,0.005,2.0,196.0,10,10,1.0,20,1.0,0,0,0,0,0,1,0,ICMP/ping,0
45,4334.538929035846,365.8585057603245,96.3230873119077,78.0,120.0,8.0,8.1301890168961,0.2,0.1229983703849698,11.847582769813808,22,23,1.0,22,2.0,0,45,0,0,45,1,1,Tunnel keep-alive,0
297,51582.424625237334,5.836649373052055,173.6781973913715,142.88134181320763,196.9184749492032,17.62294490465065,0.01962831806377832,0.004385631397258229,50.88535922189465,8837.677463271066,144,153,0.9411764705882353,9,33.0,297,0,0,0,297,1,2,VoIP,0
1153,1358877.6957660434,62.16610395704066,1178.5582790685546,80.0,1420.0,261.91903259101286,0.05391682910411159,0.05934478847822672,18.547084771417726,21858.820309940667,184,969,0.18988648090815274,39,29.564102564102566,1153,0,0,1153,0,2,2,Video streaming,0
1162,767503.9058605982,9.176337570329215,660.5025007406181,60.0,1420.0,361.6648016118436,0.007897020284276433,0.05058484765644457,126.63004069915787,83639.45855068002,517,645,0.8015503875968992,13,89.38461538461539,1162,0,0,1162,0,4,2,Web browsing,0
20706,29193640.28252296,38.313690112846984,1409.9121164166406,70.0,1420.0,152.13006674135693,0.0018503665658672359,0.0017803469067596525,540.4334570492614,761963.6792106858,19584,1122,17.454545454545453,7,2958.0,20706,0,0,20706,0,1,2,File transfer,0
283,46766.750832532474,118.62139550682451,165.25353651071546,70.0,350.0,50.361433821553995,0.4191568745824188,2.3102583231828464,2.3857416176133124,394.25223951139486,149,134,1.1119402985074627,10,28.3,283,0,0,0,283,2,2,Messaging,0
34,3332.0,17.0,98.0,98.0,98.0,0.0,0.48473448138302255,0.005,2.0,196.0,17,17,1.0,34,1.0,0,0,0,0,0,1,0,ICMP/ping,0
31,2834.049478725287,87.8617355957034,91.42095092662215,78.0,120.0,8.0,2.8342495353452706,0.2,0.352827084393675,32.25578756793734,15,16,1.0,15,2.0,0,31,0,0,31,1,1,Tunnel keep-alive,0
1761,363548.36525838723,34.759426811368506,206.4442732869888,182.83276638444212,237.80317789804138,18.73232446382063,0.020623063061489335,0.0011357839143431954,50.66251551144804,10458.986197651688,879,882,0.9965986394557823,7,251.57142857142858,1761,0,0,0,1761,1,2,VoIP,0
5232,6614921.13866721,31.185893056419346,1264.3197895006135,80.0,1420.0,319.3012756938646,0.005960606471028162,0.062154518368415436,167.76816333380705,212112.6089511035,551,4681,0.11770989104892117,49,106.77551020408163,5232,0,0,5232,0,2,2,Video streaming,0
501,352875.8924929553,33.7339016839143,704.3430987883339,60.0,1420.0,446.68199759387335,0.06733313709364132,0.21254183761080703,14.851528432564837,10460.571557935766,177,324,0.5462962962962963,19,26.36842105263158,501,0,0,501,0,4,2,Web browsing,0
15409,20249273.181646027,89.6498520870953,1314.1198768022603,70.0,1420.0,140.44854496818508,0.005818018825822266,0.006151849834901192,171.87981509473184,225870.68143708428,14336,1073,13.36067101584343,8,1926.125,15409,0,0,15409,0,1,2,File transfer,0
229,39492.06737735363,98.42857867938442,172.45444269586739,70.0,350.0,37.072682266194576,0.4298191208706743,2.6916634446561236,2.3265600608328545,401.22561868939323,110,119,0.9243697478991597,5,45.8,229,0,0,0,229,2,2,Messaging,0
179,17542.0,89.0,98.0,98.0,98.0,0.0,0.5071339959020544,0.005,2.0112359550561796,197.1011235955056,89,89,1.0,179,1.0,0,0,0,0,0,1,0,ICMP/ping,0
40,3698.806885249498,97.81604110363435,92.47017213123745,78.0,120.0,8.0,2.445401027590859,0.2,0.4089308823858524,37.81390908399859,20,20,1.0,20,2.0,0,40,0,0,40,1,1,Tunnel keep-alive,0
1013,194739.80200072486,20.11071181545171,192.24067324849443,162.64316084241625,224.79078251286182,18.10515671279508,0.02422804232055674,0.00493633387679718,50.37116583917628,9683.386833234812,510,503,1.0139165009940359,9,112.55555555555556,1013,0,0,0,1013,1,2,VoIP,0
9190,11121641.962756831,56.34927025047772,1210.189549810319,80.0,1420.0,216.5711169697092,0.0061315854461890884,0.03482355103485436,163.08995589738075,197369.76030603595,1182,8008,0.1476023976023976,18,510.55555555555554,9190,0,0,9190,0,2,2,Video streaming,0
245,224233.5434942224,17.848426307745047,915.2389530376424,60.0,1420.0,356.31397844545427,0.07285071962344918,0.054468483683353455,13.726700369863199,12563.210875175015,109,136,0.8014705882352942,16,15.3125,245,0,0,245,0,4,2,Web browsing,0
6494,8818089.978517294,44.58939824437135,1357.8826576096849,70.0,1420.0,194.99611839502253,0.00686624549497557,0.00807710512973997,145.64000089011643,197762.0314629482,5577,917,6.081788440567067,10,649.4,6494,0,0,6494,0,1,2,File transfer,0
30,4711.967427342859,163.63307441979597,157.06558091142864,70.0,350.0,59.567396392534356,5.454435813993199,2.3583820572340604,0.18333701854819312,28.79593532084132,12,18,0.6666666666666666,10,3.0,30,0,0,0,30,2,2,Messaging,0
157,13188.0,78.0,84.0,84.0,84.0,0.0,0.5116710291438363,0.005,2.0128205128205128,169.07692307692307,78,78,1.0,157,1.0,0,0,0,0,0,1,0,ICMP/ping,0
50,5410.554278893858,124.98293149889781,108.21108557787716,78.0,120.0,8.0,2.499658629977956,0.2,0.40005462666268904,43.290345441621945,25,25,1.0,25,2.0,0,50,0,0,50,1,1,Tunnel keep-alive,0
1330,253568.34649782596,26.27652803200551,190.65289210362855,155.0612026322935,217.65539728696314,5.8676401484509455,0.018333568642519237,0.004876410520563246,50.615515047498846,9649.994329120384,660,670,0.9850746268656716,9,147.77777777777777,1330,0,0,0,1330,1,2,VoIP,0
12362,14143109.834697807,75.70014796733751,1144.0794236125066,80.0,1420.0,277.2871886472089,0.006123616564256392,0.04438304386080386,163.30219070818535,186830.67622008032,2467,9895,0.2493178372915614,17,727.1764705882352,12362,0,0,12362,0,2,2,Video streaming,0
259,217892.8271783731,30.485941151859095,841.2850470207455,60.0,1420.0,443.4406074402678,0.11770633649366445,0.23696790102305715,8.495719345184318,7147.3216487884465,79,180,0.4388888888888889,11,23.545454545454547,259,0,0,259,0,4,2,Web browsing,0
3933,5201903.727190717,87.41141347761314,1322.629984030185,70.0,1420.0,127.2959374856315,0.02222512419974908,0.005290091454973316,44.99412426281469,59510.577855178744,3360,573,5.863874345549738,6,655.5,3933,0,0,3933,0,1,2,File transfer,0
189,22309.696140986594,147.61773270322928,118.04072032268039,70.0,350.0,46.20967922556087,0.7810462047789909,1.8771434265228484,1.2803339852127769,151.1315458681242,78,111,0.7027027027027027,10,18.9,189,0,0,0,189,2,2,Messaging,0
133,11172.0,66.0,84.0,84.0,84.0,0.0,0.5004559216447005,0.005,2.015151515151515,169.27272727272728,66,66,1.0,133,1.0,0,0,0,0,0,1,0,ICMP/ping,0
42,3598.983305452942,178.89892905289813,85.69007870126053,78.0,120.0,8.0,4.259498310783289,0.2,0.23476943222830102,20.117411124293366,21,21,1.0,21,2.0,0,42,0,0,42,1,1,Tunnel keep-alive,0
1172,235160.7163936046,23.83447993096807,200.64907542116435,162.51880103227276,232.07545425955584,14.931680151598469,0.02309142026130749,0.003175115631989597,49.172459537379034,9866.408542359717,581,591,0.9830795262267343,6,195.33333333333334,1172,0,0,0,1172,1,2,VoIP,0
5311,7194491.613529373,97.7168623767621,1354.6397314120454,80.0,1420.0,330.09413014397035,0.018398957329460005,0.05958540837005244,54.350905983070135,73625.89668290746,975,4336,0.22486162361623616,39,136.17948717948718,5311,0,0,5311,0,2,2,Video streaming,0
1816,1581013.5786189598,42.40774244681652,870.6021908694712,60.0,1420.0,442.79170673227765,0.023352281083048744,0.2381791598894103,42.82236910576984,37281.24836170438,588,1228,0.4788273615635179,18,100.88888888888889,1816,0,0,1816,0,4,2,Web browsing,0
18940,26116182.261963014,88.46591749707088,1378.890298942081,70.0,1420.0,174.3508256291608,0.004670850976614091,0.002446839064434774,214.09374972714332,295211.7945628917,17648,1292,13.659442724458204,18,1052.2222222222222,18940,0,0,18940,0,1,2,File transfer,0
96,11439.45843052976,96.26951473934216,119.16102531801833,70.0,350.0,20.255434868673344,1.0028074452014808,1.217595332937282,0.9972004144814494,118.82742383716236,50,46,1.0869565217391304,3,32.0,96,0,0,0,96,2,2,Messaging,0
26,2548.0,13.0,98.0,98.0,98.0,0.0,0.5075330426907765,0.005,2.0,196.0,13,13,1.0,26,1.0,0,0,0,0,0,1,0,ICMP/ping,0
29,2276.427960536581,502.08688706991455,78.49751588057175,78.0,120.0,8.0,17.31334093344533,0.2,0.0577589272829621,4.533932311639107,14,15,1.0,14,2.0,0,29,0,0,29,1,1,Tunnel keep-alive,0
1207,245915.09159358323,23.746980638826958,203.74075525566133,164.48091517848144,230.57819857643506,14.489328397009222,0.024732359839290424,0.00472811242204007,50.82751438414542,10355.636168393778,603,604,0.9983443708609272,4,301.75,1207,0,0,0,1207,1,2,VoIP,0
8059,10195361.989906227,85.66742945308947,1265.0902084509526,80.0,1420.0,306.22581329679224,0.01063003219420393,0.014714542102814018,94.07309232282986,119010.94797631455,1275,6784,0.1879422169811321,15,537.2666666666667,8059,0,0,8059,0,2,2,Video streaming,0
121,93344.25224558168,39.15035347721124,771.4401012031544,60.0,1420.0,356.8613050718769,0.3235566403075309,0.26788420153809406,3.0906489789532055,2384.2505611070865,53,68,0.7794117647058824,36,3.361111111111111,121,0,0,121,0,4,2,Web browsing,0
23195,32496498.112344477,77.46866485686323,1401.013068003642,70.0,1420.0,102.45869164588015,0.00333988639175957,0.0011991119637609754,299.41138191624674,419479.2587736911,20466,2729,7.499450348112862,19,1220.7894736842106,23195,0,0,23195,0,1,2,File transfer,0
77,9767.824629422557,10.175011573757677,126.85486531717608,70.0,350.0,26.357531331070263,0.1321430074513984,1.6713485419214609,7.56755895969596,959.98167261202,45,32,1.40625,5,15.4,77,0,0,0,77,2,2,Messaging,0
150,12600.0,75.0,84.0,84.0,84.0,0.0,0.5044001445005333,0.005,2.0,168.0,75,75,1.0,150,1.0,0,0,0,0,0,1,0,ICMP/ping,0
34,2957.3015637201124,221.122192734596,86.97945775647389,78.0,120.0,8.0,6.5035939039587065,0.2,0.15376113803651006,13.374060410433978,17,17,1.0,17,2.0,0,34,0,0,34,1,1,Tunnel keep-alive,0
1353,260770.94517999963,27.3328227800168,192.73536229120447,155.3742758405586,232.0000953600071,5.469534706212744,0.018936127451199516,0.003925080267894742,49.500924616874435,9540.578639782896,675,678,0.995575221238938,4,338.25,1353,0,0,0,1353,1,2,VoIP,0
2682,3423179.0643307646,40.1636722583537,1276.3531186915602,80.0,1420.0,334.11488055187016,0.01497526929841674,0.026096822412376035,66.77676241226092,85230.72896101458,325,2357,0.13788714467543486,39,68.76923076923077,2682,0,0,2682,0,2,2,Video streaming,0
891,756637.8539215822,25.268948904806862,849.200733918723,60.0,1420.0,479.65373747594555,0.02836021201437358,0.16830247667288928,35.26066728602656,29943.38453775766,396,495,0.8,21,42.42857142857143,891,0,0,891,0,4,2,Web browsing,0
19368,27332731.038087677,88.17608511600497,1411.2314662374886,70.0,1420.0,184.47832281168877,0.0045526685830238,0.007849215918486991,219.6513938503773,309978.958604576,17675,1693,10.440047253396338,16,1210.5,19368,0,0,19368,0,1,2,File transfer,0
200,31612.700401450387,165.01212594318488,158.06350200725194,70.0,350.0,58.70045054455111,0.8250606297159244,0.9636471866916358,1.2120321391947992,191.578044466471,98,102,0.9607843137254902,9,22.22222222222222,200,0,0,0,200,2,2,Messaging,0
26,2548.0,13.0,98.0,98.0,98.0,0.0,0.4932360769794073,0.005,2.0,196.0,13,13,1.0,26,1.0,0,0,0,0,0,1,0,ICMP/ping,0
43,4730.40438615165,181.79167691961715,110.00940432910815,78.0,120.0,8.0,4.227713416735282,0.2,0.23653448127338259,26.021017388179406,21,22,1.0,21,2.0,0,43,0,0,43,1,1,Tunnel keep-alive,0
1155,203428.9144821268,22.664208937075134,176.12893028755568,140.1777482748119,202.33616946602714,11.828302236227017,0.02169410318760847,0.0010464821596324026,50.961408060027146,8975.778287560199,573,582,0.9845360824742269,2,577.5,1155,0,0,0,1155,1,2,VoIP,0
2389,3230276.7558451267,117.21698370577589,1352.1459840289353,80.0,1420.0,313.5588901416835,0.04906529246788442,0.07668540466271019,20.381005588717272,27558.09485725535,455,1934,0.23526370217166495,25,95.56,2389,0,0,2389,0,2,2,Video streaming,0
313,304536.88083649235,46.20389015057057,972.9612806277711,60.0,1420.0,371.88831110527184,0.1476162624618868,0.07569810112316643,6.774321360820194,6591.1523866076805,120,193,0.6217616580310881,22,14.227272727272727,313,0,0,313,0,4,2,Web browsing,0
10783,14791204.274237677,53.41207433964324,1371.7151325454583,70.0,1420.0,177.58047357929559,0.004953359393456667,0.009471137538091479,201.88319089484784,276926.2279570263,9243,1540,6.001948051948052,5,2156.6,10783,0,0,10783,0,1,2,File transfer,0
252,28057.105392122725,69.60657830556073,111.33771981001081,70.0,350.0,21.32812435165466,0.27621658057762194,0.6964462428875519,3.6203474748286575,403.08123276735324,120,132,0.9090909090909091,4,63.0,252,0,0,0,252,2,2,Messaging,0
175,14700.0,87.0,84.0,84.0,84.0,0.0,0.5063211610126838,0.005,2.0114942528735633,168.9655172413793,87,87,1.0,175,1.0,0,0,0,0,0,1,0,ICMP/ping,0
20,1644.2466704277492,168.08113189219745,82.21233352138746,78.0,120.0,8.0,8.404056594609873,0.2,0.11899015537822201,9.782458339716102,10,10,1.0,10,2.0,0,20,0,0,20,1,1,Tunnel keep-alive,0
1086,220630.15235556965,21.890385458354412,203.15851966442878,170.8264280271793,235.4174031617409,9.482538295059708,0.022640888747759748,0.004740807261197839,49.6108212468927,10078.86100385531,545,541,1.0073937153419594,2,543.0,1086,0,0,0,1086,1,2,VoIP,0
4389,5500150.088106096,96.17649985357761,1253.1670285044647,80.0,1420.0,299.1230177448876,0.021913078116559036,0.04871010168143709,45.63484849918601,57188.087489976366,701,3688,0.19007592190889372,36,121.91666666666667,4389,0,0,4389,0,2,2,Video streaming,0
509,564790.1003353548,31.449710729694168,1109.6072698140565,60.0,1420.0,356.1131159138709,0.06178725094242469,0.09099987024737431,16.184568575996877,17958.514950730267,186,323,0.5758513931888545,25,20.36,509,0,0,509,0,4,2,Web browsing,0
17349,23959851.980190806,63.39507834791608,1381.0508951634565,70.0,1420.0,161.57420219422428,0.0036541056169183284,0.00396115694033196,273.66477733157177,377944.9857084752,15562,1787,8.708449916060436,17,1020.5294117647059,17349,0,0,17349,0,1,2,File transfer,0
240,46581.93899534842,144.24874621422146,194.09141248061843,70.0,350.0,46.34831102003504,0.601036442559256,1.7454892911328475,1.6637926241908538,322.92786050403754,122,118,1.0338983050847457,4,60.0,240,0,0,0,240,2,2,Messaging,0
159,13356.0,79.0,84.0,84.0,84.0,0.0,0.48872172779498696,0.005,2.0126582278481013,169.0632911392405,79,79,1.0,159,1.0,0,0,0,0,0,1,0,ICMP/ping,0
40,3905.710955210694,179.10300745805455,97.64277388026736,78.0,120.0,8.0,4.4775751864513635,0.2,0.22333516654860133,21.80706516681693,20,20,1.0,20,2.0,0,40,0,0,40,1,1,Tunnel keep-alive,0
1430,309402.93889143213,28.357682888511214,216.36569153247,181.82231013714386,251.21982195646962,11.38240001672113,0.01966779971275791,0.0023837399701878517,50.427251253992544,10910.727089651713,713,717,0.9944211994421199,8,178.75,1430,0,0,0,1430,1,2,VoIP,0
2712,3382524.590049529,66.53954545895974,1247.2435804017437,80.0,1420.0,259.32727547735226,0.02453523062646008,0.052433209949282016,40.75771755418299,50834.80157128219,433,2279,0.1899956121105748,50,54.24,2712,0,0,2712,0,2,2,Video streaming,0
1897,1572980.890246564,41.02551363576597,829.1939326550153,60.0,1420.0,498.81999745110085,0.021626522738938305,0.12096363215216126,46.239518579633305,38341.528255120786,671,1226,0.5473083197389886,10,189.7,1897,0,0,1897,0,4,2,Web browsing,0
17596,24200021.91846413,51.92315263182237,1375.313816689255,70.0,1420.0,177.60002070354295,0.002950849774484108,0.0046477916477716905,338.8854317989902,466073.8166278555,16015,1581,10.12966476913346,14,1256.857142857143,17596,0,0,17596,0,1,2,File transfer,0
33,5133.60897500763,175.13716598707873,155.56390833356454,70.0,350.0,27.23907810837959,5.307186848093295,2.635962733423948,0.18842374098045342,29.311933569750565,16,17,0.9411764705882353,8,4.125,33,0,0,0,33,2,2,Messaging,0
69,5796.0,34.0,84.0,84.0,84.0,0.0,0.5077169871064835,0.005,2.0294117647058822,170.47058823529412,34,34,1.0,69,1.0,0,0,0,0,0,1,0,ICMP/ping,0
30,1905.4372138109773,417.815490664493,63.51457379369924,78.0,120.0,8.0,13.927183022149766,0.2,0.0718020290542317,4.560475272902337,15,15,1.0,15,2.0,0,30,0,0,30,1,1,Tunnel keep-alive,0
1966,404237.51883897476,38.983523872585025,205.6142008336596,180.45153217963704,238.74893412448543,9.877850963370424,0.019739465668609426,0.004093892502746403,50.43156197027586,10369.44531131145,985,981,1.0040774719673802,4,491.5,1966,0,0,0,1966,1,2,VoIP,0
13588,17863485.689945854,36.073064281916984,1314.6515815385526,80.0,1420.0,266.3036560674286,0.00265477364453319,0.03316225540924204,376.679948612281,495202.890176996,1968,11620,0.1693631669535284,26,522.6153846153846,13588,0,0,13588,0,2,2,Video streaming,0
961,753480.606185981,13.016611253461344,784.058903419335,60.0,1420.0,417.4150752820607,0.013544860825662168,0.19697109277759672,73.82873939209433,57886.08044859735,425,536,0.792910447761194,32,30.03125,961,0,0,961,0,4,2,Web browsing,0
18959,27151872.134836163,42.3325673124621,1432.1363012203262,70.0,1420.0,135.67320530400016,0.0022328481097348015,0.005801607327697261,447.8584976918879,641394.4123545524,17597,1362,12.919970631424375,12,1579.9166666666667,18959,0,0,18959,0,1,2,File transfer,0
63,6291.269134540298,85.88266990713954,99.86141483397299,70.0,350.0,54.56864710696676,1.3632169826530087,1.8953506239846571,0.733558936489965,73.25423326199244,32,31,1.032258064516129,6,10.5,63,0,0,0,63,2,2,Messaging,0
123,12054.0,61.0,98.0,98.0,98.0,0.0,0.500483851182858,0.005,2.0163934426229506,197.60655737704917,61,61,1.0,123,1.0,0,0,0,0,0,1,0,ICMP/ping,0
25,2128.114137165102,87.91629211042456,85.12456548660408,78.0,120.0,8.0,3.5166516844169826,0.2,0.284361401054079,24.206140705890434,12,13,1.0,12,2.0,0,25,0,0,25,1,1,Tunnel keep-alive,0
1224,258251.27181767803,24.10210991401003,210.98960115823368,184.66647905869868,241.13429733200152,5.6235928857558815,0.019757850259674255,0.0015933728038483555,50.78393569554322,10714.88233764805,611,613,0.9967373572593801,2,612.0,1224,0,0,0,1224,1,2,VoIP,0
2239,2878056.0199531587,85.45645095812826,1285.420285820973,80.0,1420.0,238.13368698462398,0.0381672402671408,0.04652110326453492,26.200479599802943,33678.62797582527,300,1939,0.15471892728210418,52,43.05769230769231,2239,0,0,2239,0,2,2,Video streaming,0
2298,1994695.5675289922,6.6485474429972875,868.013736957786,60.0,1420.0,396.1894912386786,0.002893188617492292,0.22617019068416166,345.6394076604527,300019.75388322514,758,1540,0.4922077922077922,30,76.6,2298,0,0,2298,0,4,2,Web browsing,0
12225,16728400.11385506,26.95141753890413,1368.3762874319068,70.0,1420.0,123.45612933348286,0.0022046149316077,0.009670121495383592,453.5939522421528,620687.2083706827,10703,1522,7.032194480946123,5,2445.0,12225,0,0,12225,0,1,2,File transfer,0
138,20989.42849448452,170.58441731058394,152.09730793104725,70.0,350.0,47.329921131585834,1.2361189660187242,1.7429369100210683,0.8089836233326205,123.04423126919593,72,66,1.0909090909090908,10,13.8,138,0,0,0,138,2,2,Messaging,0
56,5488.0,28.0,98.0,98.0,98.0,0.0,0.49597965189654775,0.005,2.0,196.0,28,28,1.0,56,1.0,0,0,0,0,0,1,0,ICMP/ping,0
30,2843.709127638762,432.344445557043,94.7903042546254,78.0,120.0,8.0,14.4114815185681,0.2,0.06938911857962528,6.577415662122959,15,15,1.0,15,2.0,0,30,0,0,30,1,1,Tunnel keep-alive,0
1000,212587.7730157447,20.100609542546238,212.5877730157447,185.61629967090528,235.77352192060079,14.074308840358112,0.02544611805448072,0.002272446214472478,49.7497350955122,10576.185392078176,495,505,0.9801980198019802,9,111.11111111111111,1000,0,0,0,1000,1,2,VoIP,0
6208,8115395.593485754,105.78287953709851,1307.2480015279887,80.0,1420.0,310.76738138769895,0.017039767966671795,0.07149608929109436,58.68624513877813,76717.47667484936,871,5337,0.1632002997938917,18,344.8888888888889,6208,0,0,6208,0,2,2,Video streaming,0
1737,1723489.2421131744,29.099479052659323,992.2217859028062,60.0,1420.0,485.2063474382667,0.01675272254039109,0.2694727897603319,59.691790250150895,59227.494725740435,603,1134,0.5317460317460317,20,86.85,1737,0,0,1737,0,4,2,Web browsing,0
7450,10574439.024512934,43.81050266935539,1419.387788525226,70.0,1420.0,132.83812278850812,0.005880604385148374,0.0066718787349622985,170.05054829492138,241367.6716818306,6786,664,10.21987951807229,19,392.10526315789474,7450,0,0,7450,0,1,2,File transfer,0
112,11942.549252986864,86.27791584583021,106.62990404452557,70.0,350.0,29.5017652349731,0.7703385343377697,1.4331294790733502,1.2981305691265481,138.41953802322922,49,63,0.7777777777777778,12,9.333333333333334,112,0,0,0,112,2,2,Messaging,0
20,1680.0,10.0,84.0,84.0,84.0,0.0,0.5045109529658298,0.005,2.0,168.0,10,10,1.0,20,1.0,0,0,0,0,0,1,0,ICMP/ping,0
7,570.569515420066,310.28678365230905,81.50993077429514,78.0,120.0,8.0,44.32668337890129,0.2,0.022559774920493648,1.8388456920531167,3,4,1.0,3,2.0,0,7,0,0,7,1,1,Tunnel keep-alive,0
1226,215211.91677323327,24.56236366497974,175.53989948877103,146.00598998794783,203.42720596513803,13.2412135764568,0.020512912914704657,0.0039875028645432915,49.913763053186656,8761.856949462717,612,614,0.996742671009772,7,175.14285714285714,1226,0,0,0,1226,1,2,VoIP,0
10206,12094765.537350155,108.63857188241346,1185.0642305849653,80.0,1420.0,229.57311898593161,0.010644578863650153,0.043542826061052,93.94453390869877,111330.30679417528,1219,8987,0.13564036942249916,28,364.5,10206,0,0,10206,0,2,2,Video streaming,0
2016,2023434.7804027917,38.95434665771358,1003.6878871045594,60.0,1420.0,428.4627086872677,0.019322592588151576,0.2175240086527354,51.75288954822709,51943.74836221568,885,1131,0.7824933687002652,35,57.6,2016,0,0,2016,0,4,2,Web browsing,0
18489,25150792.96148853,64.93004049798265,1360.3111559028898,70.0,1420.0,141.35491015253515,0.00351182002801572,0.002096974840032528,284.7526331140121,387352.1834977133,16050,2439,6.580565805658057,19,973.1052631578947,18489,0,0,18489,0,1,2,File transfer,0
127,20766.948521862585,40.84451910825658,163.5192796997054,70.0,350.0,41.006535346682405,0.3216103866791856,2.272615654306082,3.109352313914926,508.43905070398097,53,74,0.7162162162162162,12,10.583333333333334,127,0,0,0,127,2,2,Messaging,0
198,19404.0,99.0,98.0,98.0,98.0,0.0,0.49856154229088034,0.005,2.0,196.0,99,99,1.0,198,1.0,0,0,0,0,0,1,0,ICMP/ping,0
59,5897.763196986988,495.2359768785854,99.96208808452522,78.0,120.0,8.0,8.393830116586193,0.2,0.11913512497995424,11.908995857207106,29,30,1.0,29,2.0,0,59,0,0,59,1,1,Tunnel keep-alive,0
1608,297437.3491210205,32.03350968303838,184.97347582153017,164.9217955246305,217.73317993739613,12.727627555005974,0.02020541410558601,0.0033741542764925887,50.19743437140232,9285.193913001436,808,800,1.01,9,178.66666666666666,1608,0,0,0,1608,1,2,VoIP,0
1009,1351232.6151469732,29.225078711011488,1339.1799951902608,80.0,1420.0,315.49170503775184,0.02896439911894102,0.048964594055570215,34.52514225803699,46235.37984306105,126,883,0.14269535673839184,18,56.05555555555556,1009,0,0,1009,0,2,2,Video streaming,0
149,117643.0093468028,45.2576937172099,789.55039830069,60.0,1420.0,477.67613912791563,0.3037429108537577,0.21785616738265362,3.2922579071531564,2599.4035419013703,62,87,0.7126436781609196,26,5.730769230769231,149,0,0,149,0,4,2,Web browsing,0
18035,24450702.433749605,23.473357116126195,1355.7362037011148,70.0,1420.0,123.52355848019849,0.001301544614146171,0.008823336621859475,768.3178810247792,1041636.3672562189,16182,1853,8.732865623313545,9,2003.888888888889,18035,0,0,18035,0,1,2,File transfer,0
169,22602.403442928102,14.018559627877188,133.74203220667516,70.0,350.0,45.67886001773064,0.0829500569696875,2.0177350902219517,12.05544681380304,1612.3199560375058,86,83,1.036144578313253,12,14.083333333333334,169,0,0,0,169,2,2,Messaging,0
87,7308.0,43.0,84.0,84.0,84.0,0.0,0.49911717951648743,0.005,2.0232558139534884,169.95348837209303,43,43,1.0,87,1.0,0,0,0,0,0,1,0,ICMP/ping,0
7,824.5796536358023,208.2517371600677,117.79709337654319,78.0,120.0,8.0,29.750248165723956,0.2,0.033613164987044586,3.959533134660043,3,4,1.0,3,2.0,0,7,0,0,7,1,1,Tunnel keep-alive,0
462,82451.16152048086,9.435144554047595,178.4657175767984,144.11376226363487,212.3144406032858,19.868839905532823,0.014260680724462925,0.001513577157816501,48.9658634643606,8738.72795993465,228,234,0.9743589743589743,4,115.5,462,0,0,0,462,1,2,VoIP,0
2241,2898800.559701765,47.09498460309624,1293.5299240079273,80.0,1420.0,239.73431708551,0.02101516492775379,0.055170288626800186,47.58468484248461,61552.21376824029,357,1884,0.18949044585987262,23,97.43478260869566,2241,0,0,2241,0,2,2,Video streaming,0
2795,2376276.94185276,25.182584356264037,850.1885301798784,60.0,1420.0,401.5340712163556,0.009009869179343126,0.20428894584891172,110.98940285311734,94361.91727723424,1023,1772,0.577313769751693,35,79.85714285714286,2795,0,0,2795,0,4,2,Web browsing,0
5713,7974691.155636738,70.26423545205657,1395.885026367362,70.0,1420.0,127.11474365001848,0.012299008481018128,0.006335307924880805,81.30736730065404,113495.73654833423,5244,469,11.181236673773988,16,357.0625,5713,0,0,5713,0,1,2,File transfer,0
77,9621.367118437625,66.61032521989364,124.95281971996916,70.0,350.0,46.7794782079276,0.8650691586999174,2.9853484030529187,1.1559769411995515,144.44257833414898,40,37,1.0810810810810811,3,25.666666666666668,77,0,0,0,77,2,2,Messaging,0
44,4312.0,22.0,98.0,98.0,98.0,0.0,0.48048881525151144,0.005,2.0,196.0,22,22,1.0,44,1.0,0,0,0,0,0,1,0,ICMP/ping,0
27,2314.1891993790528,363.6402805740713,85.71071108811307,78.0,120.0,8.0,13.468158539780418,0.2,0.07424920021889672,6.363951748485318,13,14,1.0,13,2.0,0,27,0,0,27,1,1,Tunnel keep-alive,0
1771,389032.2997703741,35.88166573595481,219.668153455886,196.25859469240766,247.85771051599008,11.340336700942842,0.022083218956836112,0.004287225775604347,49.35668296540062,10842.091407717138,880,891,0.9876543209876543,8,221.375,1771,0,0,0,1771,1,2,VoIP,0
8123,9804006.823066879,62.23751978568405,1206.9440875374712,80.0,1420.0,346.1246942942023,0.0076618884384690444,0.011401844914807713,130.5161264133225,157525.66710285278,1411,6712,0.21022050059594755,58,140.05172413793105,8123,0,0,8123,0,2,2,Video streaming,0
2468,1940189.3997158823,51.31183119070317,786.1383305169701,60.0,1420.0,428.1436965908063,0.020790855425730618,0.20589642200068992,48.09806905599502,37811.73570876986,773,1695,0.456047197640118,14,176.28571428571428,2468,0,0,2468,0,4,2,Web browsing,0
6895,9688247.80115904,21.494213527171134,1405.1120813863727,70.0,1420.0,170.87446977429764,0.0031173623679726084,0.001325443424722859,320.78400967236763,450737.48750620673,6069,826,7.3474576271186445,6,1149.1666666666667,6895,0,0,6895,0,1,2,File transfer,0
256,39567.334143898,71.22318927015824,154.55989899960156,70.0,350.0,23.50570987055354,0.27821558308655564,2.842394557577657,3.5943349718440825,555.5400502189572,130,126,1.0317460317460319,13,19.692307692307693,256,0,0,0,256,2,2,Messaging,0
76,7448.0,38.0,98.0,98.0,98.0,0.0,0.5019333066695273,0.005,2.0,196.0,38,38,1.0,76,1.0,0,0,0,0,0,1,0,ICMP/ping,0
23,2093.857139113518,338.4668909561088,91.03726691797904,78.0,120.0,8.0,14.715951780700381,0.2,0.06795347082554837,6.186298261548548,11,12,1.0,11,2.0,0,23,0,0,23,1,1,Tunnel keep-alive,0
1642,370017.07488102536,33.1262759567571,225.34535620038085,197.52450093921738,255.36841618402104,10.957681661438166,0.025679109241734985,0.0031589304750397713,49.56790199246846,11169.896530598371,818,824,0.9927184466019418,8,205.25,1642,0,0,0,1642,1,2,VoIP,0
13265,17582429.59583903,105.48623591181953,1325.4752805004923,80.0,1420.0,245.7018708647061,0.007952222835417981,0.015664349813587653,125.751003297613,166679.84636912192,1861,11404,0.16318835496317083,16,829.0625,13265,0,0,13265,0,2,2,Video streaming,0
229,204256.84623297545,17.298793897297116,891.9512935937793,60.0,1420.0,493.5984331841881,0.07554058470435422,0.19326035723271234,13.237917126452414,11807.577305426476,100,129,0.7751937984496124,9,25.444444444444443,229,0,0,229,0,4,2,Web browsing,0
10984,15568405.682793045,53.14189961240666,1417.3712384188862,70.0,1420.0,113.91980246175298,0.0048381190470144445,0.009084354645634354,206.69189622712778,292959.148926592,10247,737,13.903663500678427,8,1373.0,10984,0,0,10984,0,1,2,File transfer,0
44,4402.51688824925,123.27217059195675,100.05720200566478,70.0,350.0,24.870476445010993,2.80164024072629,1.6955850576201807,0.35693376525058856,35.71379385232067,22,22,1.0,6,7.333333333333333,44,0,0,0,44,2,2,Messaging,0
182,17836.0,91.0,98.0,98.0,98.0,0.0,0.4958792754431621,0.005,2.0,196.0,91,91,1.0,182,1.0,0,0,0,0,0,1,0,ICMP/ping,0
33,3135.5593945321934,228.38071186604017,95.01695134946041,78.0,120.0,8.0,6.920627632304248,0.2,0.14449556501670158,13.729528071404728,16,17,1.0,16,2.0,0,33,0,0,33,1,1,Tunnel keep-alive,0
1045,220376.39495308054,21.276105192598042,210.8865023474455,190.8798522250357,231.24025853971062,14.038297457642974,0.01862312934252628,0.002459192876578118,49.11613241898971,10357.929374674717,519,526,0.9866920152091255,5,209.0,1045,0,0,0,1045,1,2,VoIP,0
11145,14398151.904841403,60.57804661462522,1291.893396576169,80.0,1420.0,347.55183878951203,0.005435446084757759,0.026742607295114795,183.97754009633726,237679.36916878546,1273,9872,0.12895056726094004,23,484.5652173913044,11145,0,0,11145,0,2,2,Video streaming,0
1279,997044.0451528033,21.680133116217757,779.5496834658353,60.0,1420.0,365.156871651597,0.01695084684614367,0.22304033542353296,58.99410271808931,45988.834100237495,395,884,0.4468325791855204,11,116.27272727272727,1279,0,0,1279,0,4,2,Web browsing,0
16083,22566188.297520917,99.70271684676791,1403.1081450923905,70.0,1420.0,130.62536207866117,0.00619926113578113,0.006615062526624747,161.3095461051257,226334.73802125835,14518,1565,9.276677316293929,11,1462.090909090909,16083,0,0,16083,0,1,2,File transfer,0
197,33443.93290332273,32.22076404583391,169.76615686965854,70.0,350.0,55.46416860961867,0.16355717789763405,1.6244616220533064,6.114069788033837,1037.9621307473924,86,111,0.7747747747747747,9,21.88888888888889,197,0,0,0,197,2,2,Messaging,0
164,16072.0,82.0,98.0,98.0,98.0,0.0,0.48683044425903144,0.005,2.0,196.0,82,82,1.0,164,1.0,0,0,0,0,0,1,0,ICMP/ping,0
27,2463.7895857975914,580.4640287604695,91.25146614065153,78.0,120.0,8.0,21.498667731869244,0.2,0.04651451022323666,4.24451725468467,13,14,1.0,13,2.0,0,27,0,0,27,1,1,Tunnel keep-alive,0
1406,272941.89823450445,28.036153998179763,194.12652790505294,168.93026373015226,229.33232436749563,7.0566455859349855,0.019954420613690033,0.0031412405258103666,50.14953192550176,9735.354508761262,698,708,0.9858757062146892,5,281.2,1406,0,0,0,1406,1,2,VoIP,0
11201,14323561.150353061,36.53216033594956,1278.7752120661603,80.0,1420.0,216.46042980162554,0.00326150882385051,0.048357164228158514,306.6065597269819,392080.86843574716,1629,9572,0.1701838696197242,40,280.025,11201,0,0,11201,0,2,2,Video streaming,0
2657,2363441.301732811,13.252676558169135,889.5149799521306,60.0,1420.0,398.701389033509,0.0049878346097738556,0.23433926934694993,200.4878024705272,178336.90359521774,986,1671,0.590065828845003,16,166.0625,2657,0,0,2657,0,4,2,Web browsing,0
21877,30600311.49910314,45.315434937562706,1398.743497696354,70.0,1420.0,194.28311414132617,0.002071373357295914,0.008279951154726954,482.7714890112595,675273.4811276861,18762,3115,6.023113964686998,5,4375.4,21877,0,0,21877,0,1,2,File transfer,0
29,3530.2555762422594,168.15421042243003,121.7329509049055,70.0,350.0,30.122337312031384,5.7984210490493115,2.4529260594672984,0.17246074259542715,20.99415511139268,16,13,1.2307692307692308,9,3.2222222222222223,29,0,0,0,29,2,2,Messaging,0
43,4214.0,21.0,98.0,98.0,98.0,0.0,0.5027654366689267,0.005,2.0476190476190474,200.66666666666666,21,21,1.0,43,1.0,0,0,0,0,0,1,0,ICMP/ping,0
20,1999.8998507008296,540.2710947095759,99.99499253504148,78.0,120.0,8.0,27.013554735478795,0.2,0.037018452765367825,3.7016599079317407,10,10,1.0,10,2.0,0,20,0,0,20,1,1,Tunnel keep-alive,0
1055,201436.3341925106,21.4824594404561,190.93491392655034,170.17447696180125,225.85905907618712,14.88553301305521,0.01977254781254536,0.0042085222325103505,49.109833207142366,9376.781776352971,524,531,0.9868173258003766,8,131.875,1055,0,0,0,1055,1,2,VoIP,0
12280,14930031.138892878,115.21515381294282,1215.8005813430682,80.0,1420.0,244.48033719314827,0.009382341515711956,0.03447922608220947,106.58320189319153,129583.91882314788,2179,10101,0.21572121572121572,21,584.7619047619048,12280,0,0,12280,0,2,2,Video streaming,0
2646,2582118.571865436,15.185756232710737,975.8573589816463,60.0,1420.0,376.1164003001127,0.005739136898227792,0.07459891242834933,174.24222800971927,170035.5604486425,1055,1591,0.6631049654305469,39,67.84615384615384,2646,0,0,2646,0,4,2,Web browsing,0
12759,17967401.571446948,33.85417854925036,1408.2139330235086,70.0,1420.0,138.19396396528958,0.0026533567324437935,0.002851185359759996,376.88109848651237,530729.2139819119,11000,1759,6.2535531552018195,18,708.8333333333334,12759,0,0,12759,0,1,2,File transfer,0
97,16759.560299321405,21.773232068596187,172.77897215795264,70.0,350.0,58.39306072303716,0.2244663099855277,1.6956382364398093,4.455011534089344,769.7323138117806,56,41,1.3658536585365855,12,8.083333333333334,97,0,0,0,97,2,2,Messaging,0
158,15484.0,79.0,98.0,98.0,98.0,0.0,0.5145561869008112,0.005,2.0,196.0,79,79,1.0,158,1.0,0,0,0,0,0,1,0,ICMP/ping,0
36,3959.73776700684,341.21479659047486,109.99271575019,78.0,120.0,8.0,9.478188794179857,0.2,0.10550538944888463,11.604824311764261,18,18,1.0,18,2.0,0,36,0,0,36,1,1,Tunnel keep-alive,0
1511,293928.3463849105,30.376478607331503,194.52570905685673,155.96403625033574,219.01802129373377,10.582505357562699,0.01748237099798298,0.002728307531776784,49.74243458342512,9676.182357555084,759,752,1.009308510638298,9,167.88888888888889,1511,0,0,0,1511,1,2,VoIP,0
12889,15999052.666045344,113.73834215191783,1241.2951094767122,80.0,1420.0,229.6205734789906,0.008824450473420578,0.07208474301464887,113.32150404288856,140665.42876698304,2121,10768,0.19697251114413075,49,263.0408163265306,12889,0,0,12889,0,2,2,Video streaming,0
2269,1770331.0792555353,49.87708164327395,780.2252442730434,60.0,1420.0,479.2054994545154,0.02198196634785101,0.2616285846725695,45.491835633610705,35493.878569663044,993,1276,0.7782131661442007,25,90.76,2269,0,0,2269,0,4,2,Web browsing,0
4196,5985224.513380929,77.95377358716505,1426.4119431317752,70.0,1420.0,172.8490677161613,0.018578115726207114,0.007988027018497523,53.82677203314843,76779.15048831435,3841,355,10.819718309859155,15,279.73333333333335,4196,0,0,4196,0,1,2,File transfer,0
275,37537.205392897115,102.65457621247951,136.49892870144404,70.0,350.0,59.38678958098033,0.37328936804538004,2.8434701662427972,2.6788869054487296,365.66519270607824,112,163,0.6871165644171779,4,68.75,275,0,0,0,275,2,2,Messaging,0
11,924.0,5.0,84.0,84.0,84.0,0.0,0.49397894647218743,0.005,2.2,184.8,5,5,1.0,11,1.0,0,0,0,0,0,1,0,ICMP/ping,0
55,5210.351710284558,175.29613780776282,94.73366745971924,78.0,120.0,8.0,3.1872025055956876,0.2,0.31375477342413177,29.72314036946125,27,28,1.0,27,2.0,0,55,0,0,55,1,1,Tunnel keep-alive,0
1630,333550.96715804463,32.9407030280112,204.63249518898445,172.82554137980898,234.79970612731006,9.46322676978231,0.025106644833905713,0.0032600879714360645,49.48285404273023,10125.799891836214,816,814,1.0024570024570025,9,181.11111111111111,1630,0,0,0,1630,1,2,VoIP,0
8295,10754465.871351646,57.718056348024895,1296.499803659029,80.0,1420.0,321.7628325298565,0.006958174363836636,0.06191984430590511,143.71585817067893,186327.5819009741,1560,6735,0.23162583518930957,18,460.8333333333333,8295,0,0,8295,0,2,2,Video streaming,0
1606,1084665.0738063918,27.082187372370853,675.3829849354868,60.0,1420.0,470.01064530487395,0.0168631303688486,0.10100890865722471,59.300970705137175,40050.866604407405,615,991,0.62058526740666,39,41.17948717948718,1606,0,0,1606,0,4,2,Web browsing,0
8445,11608165.563505583,65.43869052341611,1374.5607535234556,70.0,1420.0,178.37917844853973,0.007748808824560818,0.005988038627188151,129.05209337858162,177389.9427182425,7182,1263,5.68646080760095,14,603.2142857142857,8445,0,0,8445,0,1,2,File transfer,0
73,8193.84231961998,151.55567978899734,112.24441533726001,70.0,350.0,20.44126457049863,2.0761052025890048,2.3738637111722207,0.48167115941569394,54.06489767343472,40,33,1.2121212121212122,6,12.166666666666666,73,0,0,0,73,2,2,Messaging,0
84,8232.0,42.0,98.0,98.0,98.0,0.0,0.49545810441688487,0.005,2.0,196.0,42,42,1.0,84,1.0,0,0,0,0,0,1,0,ICMP/ping,0
24,2011.117482112633,598.0205423187135,83.79656175469304,78.0,120.0,8.0,24.917522596613065,0.2,0.04013240064788487,3.3629571892545678,12,12,1.0,12,2.0,0,24,0,0,24,1,1,Tunnel keep-alive,0
331,72211.32181083255,6.505375883047362,218.16109308408627,193.81691113026207,240.91755106727098,14.945630067507384,0.021857111594858883,0.0010075195340996427,50.880995341493964,11100.253560906624,166,165,1.006060606060606,5,66.2,331,0,0,0,331,1,2,VoIP,0
11277,14059086.418496978,28.3573629640358,1246.7044797815888,80.0,1420.0,260.3490687029834,0.0025146193991341494,0.07119837294271665,397.67449513207714,495782.57457604224,1702,9575,0.1777545691906005,17,663.3529411764706,11277,0,0,11277,0,2,2,Video streaming,0
435,295063.1763296523,17.399131550503164,678.3061524819593,60.0,1420.0,455.4415161468015,0.039998003564375086,0.06320099011713202,25.001247834546103,16958.500225898886,162,273,0.5934065934065934,37,11.756756756756756,435,0,0,435,0,4,2,Web browsing,0
18977,25813079.297830846,64.1931079647233,1360.2297148037544,70.0,1420.0,169.5415648328053,0.003382679452217068,0.007713326879323071,295.6236362699346,402116.05445270194,17993,984,18.285569105691057,9,2108.5555555555557,18977,0,0,18977,0,1,2,File transfer,0
211,31575.54012076982,98.45041807617119,149.64710957710815,70.0,350.0,34.93850384576694,0.4665896591287734,0.8059418933129449,2.1432108072588285,320.7253025207043,115,96,1.1979166666666667,3,70.33333333333333,211,0,0,0,211,2,2,Messaging,0
155,13020.0,77.0,84.0,84.0,84.0,0.0,0.5048005958008668,0.005,2.012987012987013,169.0909090909091,77,77,1.0,155,1.0,0,0,0,0,0,1,0,ICMP/ping,0
52,4073.9597484600663,599.1076561521928,78.3453797780782,78.0,120.0,8.0,11.521301079849861,0.2,0.08679575275998527,6.800046213105225,26,26,1.0,26,2.0,0,52,0,0,52,1,1,Tunnel keep-alive,0
1219,252132.2855915807,24.179443510491886,206.83534503000877,176.91201734774438,230.4003943681016,15.288669065747955,0.016754891481258798,0.004964505727285215,50.4147251970896,10427.547080733106,610,609,1.0016420361247949,9,135.44444444444446,1219,0,0,0,1219,1,2,VoIP,0
13889,17234749.630464837,74.6546296948418,1240.8920462570982,80.0,1420.0,250.17669331128982,0.005375090337305911,0.011833769597244536,186.04338480778304,230859.75646672663,1422,12467,0.11406112136039143,59,235.40677966101694,13889,0,0,13889,0,2,2,Video streaming,0
2857,1958890.3591711954,33.49433214313485,685.6459080053187,60.0,1420.0,394.808836038316,0.011723602430218708,0.2851698112788351,85.29801363976692,58484.23401308805,968,1889,0.5124404446797247,21,136.04761904761904,2857,0,0,2857,0,4,2,Web browsing,0
7017,9675987.548368474,88.54572254361416,1378.9350931122237,70.0,1420.0,180.26433097957104,0.012618743415079686,0.005123681980641034,79.24719340952579,109276.73602304686,6303,714,8.827731092436975,10,701.7,7017,0,0,7017,0,1,2,File transfer,0
109,16354.826744972113,23.702257338711192,150.04428206396435,70.0,350.0,49.117572278950604,0.21745190219001093,1.7411528808882495,4.598718106987141,690.0113567774387,53,56,0.9464285714285714,11,9.909090909090908,109,0,0,0,109,2,2,Messaging,0
109,10682.0,54.0,98.0,98.0,98.0,0.0,0.4972577164294547,0.005,2.0185185185185186,197.8148148148148,54,54,1.0,109,1.0,0,0,0,0,0,1,0,ICMP/ping,0
25,2050.1718105874656,414.7557843842553,82.00687242349862,78.0,120.0,8.0,16.590231375370212,0.2,0.06027643481118628,4.943081899704285,12,13,1.0,12,2.0,0,25,0,0,25,1,1,Tunnel keep-alive,0
747,159331.32984687013,14.453402626432165,213.29495294092385,173.7982598853016,240.71909481872382,11.43330318291558,0.017922015326509694,0.004379157745144086,51.68333155224622,11023.793771266524,373,374,0.9973262032085561,9,83.0,747,0,0,0,747,1,2,VoIP,0
6347,8175770.903517226,13.69749602016109,1288.1315430151608,80.0,1420.0,261.66434039010596,0.0021581055648591603,0.03431403283811899,463.3693625942996,596880.6920245467,1205,5142,0.23434461299105405,32,198.34375,6347,0,0,6347,0,2,2,Video streaming,0
771,527577.4382591654,41.5084327396574,684.2768330209668,60.0,1420.0,494.50916513203254,0.05383713714611855,0.19004204586546047,18.574538933708812,12710.126676382912,339,432,0.7847222222222222,17,45.35294117647059,771,0,0,771,0,4,2,Web browsing,0
13929,19730960.639279924,47.69139871667453,1416.5382036958808,70.0,1420.0,198.12970904972468,0.0034238925060431137,0.0033087705619982304,292.0652439394685,413721.57601201395,12750,1179,10.814249363867685,14,994.9285714285714,13929,0,0,13929,0,1,2,File transfer,0
180,21063.689375756774,35.711960884938875,117.02049653198208,70.0,350.0,29.012677198049403,0.19839978269410485,1.127416653350745,5.040328101275251,589.8216970953323,102,78,1.3076923076923077,9,20.0,180,0,0,0,180,2,2,Messaging,0
42,3528.0,21.0,84.0,84.0,84.0,0.0,0.5101206786470386,0.005,2.0,168.0,21,21,1.0,42,1.0,0,0,0,0,0,1,0,ICMP/ping,0
44,3042.9749427077704,442.2309525040751,69.1585214251766,78.0,120.0,8.0,10.050703466001707,0.2,0.09949552321214908,6.880963273776568,22,22,1.0,22,2.0,0,44,0,0,44,1,1,Tunnel keep-alive,0
728,151620.41139439057,14.67290016086195,208.26979587141562,179.6971849320061,231.088988421851,14.96281871758126,0.0186943870141491,0.00186436181274123,49.61527659963537,10333.363529509883,368,360,1.0222222222222221,2,364.0,728,0,0,0,728,1,2,VoIP,0
12407,16495507.75330332,55.294209574295934,1329.5323408804159,80.0,1420.0,209.34096588228283,0.004456694573571043,0.04587518541392322,224.38154185619317,298322.5165944215,2241,10166,0.22044068463505803,24,516.9583333333334,12407,0,0,12407,0,2,2,Video streaming,0
710,757498.6140194368,7.857611765484762,1066.899456365404,60.0,1420.0,467.94172990760495,0.011067058824626426,0.1003409455339936,90.35824385199791,96403.16124382918,240,470,0.5106382978723404,27,26.296296296296298,710,0,0,710,0,4,2,Web browsing,0
11369,15844749.164676344,39.71935583843478,1393.6801094798438,70.0,1420.0,120.48812741507126,0.003493654308948437,0.008900470703368368,286.2332422067804,398917.57633551635,10663,706,15.103399433427763,16,710.5625,11369,0,0,11369,0,1,2,File transfer,0
289,52198.301862442575,50.59535593486168,180.616961461739,70.0,350.0,38.04957376723952,0.17507043576076706,2.962474140352188,5.71198669640884,1031.6816810152416,160,129,1.2403100775193798,4,72.25,289,0,0,0,289,2,2,Messaging,0
162,15876.0,81.0,98.0,98.0,98.0,0.0,0.5088310977714716,0.005,2.0,196.0,81,81,1.0,162,1.0,0,0,0,0,0,1,0,ICMP/ping,0
38,3466.4218651351352,270.99331743135116,91.22162802987198,78.0,120.0,8.0,7.131403090298715,0.2,0.1402248600083147,12.791540020219353,19,19,1.0,19,2.0,0,38,0,0,38,1,1,Tunnel keep-alive,0
426,91835.30414914417,8.12547369995663,215.57583133601918,187.96743118586792,251.08806835452572,19.467149808512175,0.021516272279650098,0.0018150658365107563,52.427712614745616,11302.147731969686,217,209,1.0382775119617225,8,53.25,426,0,0,0,426,1,2,VoIP,0
9087,11041640.442055572,49.23380715559412,1215.1029428915563,80.0,1420.0,246.85236528282704,0.005418048547990989,0.05498722603706966,184.5682981875088,224269.48229212823,1086,8001,0.13573303337082865,54,168.27777777777777,9087,0,0,9087,0,2,2,Video streaming,0
1333,1242512.1869575602,13.68751525594414,932.1171695105478,60.0,1420.0,454.38486772532036,0.010268203492831312,0.2483153376095636,97.38801930621499,90777.0448999477,463,870,0.532183908045977,10,133.3,1333,0,0,1333,0,4,2,Web browsing,0
13116,18099512.602322716,91.55289292891898,1379.9567400368037,70.0,1420.0,118.42248392380262,0.006980244962558629,0.009045907390070836,143.26144789529667,197694.60061054598,12006,1110,10.816216216216215,15,874.4,13116,0,0,13116,0,1,2,File transfer,0
120,15589.05461027401,84.85498112261932,129.90878841895008,70.0,350.0,44.61192100279208,0.7071248426884943,0.7086602124734582,1.4141774402918612,183.71407787772782,69,51,1.3529411764705883,14,8.571428571428571,120,0,0,0,120,2,2,Messaging,0
148,14504.0,74.0,98.0,98.0,98.0,0.0,0.48942284351929943,0.005,2.0,196.0,74,74,1.0,148,1.0,0,0,0,0,0,1,0,ICMP/ping,0
35,3205.644602648788,402.7224875571284,91.58984578996537,78.0,120.0,8.0,11.506356787346524,0.2,0.08690848184889367,7.959934450380176,17,18,1.0,17,2.0,0,35,0,0,35,1,1,Tunnel keep-alive,0
1483,305273.0322991634,30.157078157081664,205.84830229208592,183.98769256288537,226.43558547413377,17.34437669332229,0.0176828906470571,0.0018390117907347255,49.17585159528305,10122.76556465658,740,743,0.9959623149394348,3,494.3333333333333,1483,0,0,0,1483,1,2,VoIP,0
12739,16477601.950135889,104.39947584728803,1293.4768781015691,80.0,1420.0,306.53641979349675,0.008195264608469113,0.03200450792286239,122.02168542143039,157832.22871960353,1874,10865,0.17248044178554994,58,219.63793103448276,12739,0,0,12739,0,2,2,Video streaming,0
1999,1955245.2968416375,22.27334372460026,978.1117042729552,60.0,1420.0,388.1482971767475,0.011142242983792025,0.2548137762178653,89.74853639923684,87784.09389346091,863,1136,0.7596830985915493,37,54.027027027027025,1999,0,0,1999,0,4,2,Web browsing,0
11177,15335391.289551705,31.990594670781952,1372.0489656930934,70.0,1420.0,190.53598742778703,0.0028621807882957817,0.007657041706540874,349.3839397180171,479371.8731198834,9714,1463,6.639781271360219,15,745.1333333333333,11177,0,0,11177,0,1,2,File transfer,0
298,53945.79739148074,115.5578564713333,181.02616574322394,70.0,350.0,34.09499786438617,0.3877780418501117,2.6036188827119,2.578794805474135,466.8293358735258,147,151,0.9735099337748344,13,22.923076923076923,298,0,0,0,298,2,2,Messaging,0
172,14448.0,86.0,84.0,84.0,84.0,0.0,0.5037243464698221,0.005,2.0,168.0,86,86,1.0,172,1.0,0,0,0,0,0,1,0,ICMP/ping,0
7,588.6953572405305,230.05657785100254,84.09933674864722,78.0,120.0,8.0,32.865225407286076,0.2,0.030427297777738786,2.558915562161419,3,4,1.0,3,2.0,0,7,0,0,7,1,1,Tunnel keep-alive,0
447,91299.4451787169,8.509641148162405,204.24931807319214,179.70572693272186,240.99014057805095,9.189141326816156,0.019223285078887768,0.0035715276402348306,52.52865452458314,10728.941865948405,221,226,0.9778761061946902,9,49.666666666666664,447,0,0,0,447,1,2,VoIP,0
6925,9671707.199395392,49.64156019233823,1396.6364186852552,80.0,1420.0,335.54117665201926,0.007168456345464005,0.02629342029709021,139.5000474032002,194830.84661162886,1251,5674,0.22047937962636588,27,256.48148148148147,6925,0,0,6925,0,2,2,Video streaming,0
2357,1786889.584668069,40.79227011573111,758.1203159389346,60.0,1420.0,481.13400862075275,0.017306860464883795,0.05004709988914548,57.78055482847589,43804.61248169108,766,1591,0.48145820238843495,9,261.8888888888889,2357,0,0,2357,0,4,2,Web browsing,0
17223,23644269.835797,44.15526130372467,1372.831088416478,70.0,1420.0,112.88487120002549,0.0025637381004310904,0.004714850163394235,390.0554428051176,535480.2380889208,16021,1202,13.328618968386023,15,1148.2,17223,0,0,17223,0,1,2,File transfer,0
103,11018.408273147186,13.060015120686547,106.97483760337074,70.0,350.0,36.857761663169896,0.12679626330763638,0.5679375402271104,7.886667744882782,843.6750012405777,61,42,1.4523809523809523,8,12.875,103,0,0,0,103,2,2,Messaging,0
185,15540.0,92.0,84.0,84.0,84.0,0.0,0.5051310579817608,0.005,2.010869565217391,168.91304347826087,92,92,1.0,185,1.0,0,0,0,0,0,1,0,ICMP/ping,0
47,4202.013061535559,437.63030256815,89.40453322416083,78.0,120.0,8.0,9.311283033364894,0.2,0.10739658502665254,9.60174155417677,23,24,1.0,23,2.0,0,47,0,0,47,1,1,Tunnel keep-alive,0
483,103038.3616494767,9.178006555600454,213.3299413032644,187.6995173349658,250.78501809458697,6.688705856179055,0.018419733702035028,0.003814743909843183,52.62580682133764,11226.66028023289,239,244,0.9795081967213115,8,60.375,483,0,0,0,483,1,2,VoIP,0
11704,14962937.034615196,36.60832110847229,1278.4464315289813,80.0,1420.0,245.18978911400006,0.003127846984660995,0.051885023900843125,319.70873412414795,408730.4902696648,1518,10186,0.1490280777537797,28,418.0,11704,0,0,11704,0,2,2,Video streaming,0
2369,1856392.0513358722,37.93445630109203,783.6184260598869,60.0,1420.0,359.67369068737514,0.016012856184504865,0.2693098642905501,62.4498208488045,48936.830321262096,1022,1347,0.7587230883444692,36,65.80555555555556,2369,0,0,2369,0,4,2,Web browsing,0
24101,34031314.30957123,90.3072248325687,1412.029140266845,70.0,1420.0,103.46702667264833,0.003747032273871155,0.006245261515751407,266.8778721158103,376839.3323199326,22884,1217,18.803615447822516,6,4016.8333333333335,24101,0,0,24101,0,1,2,File transfer,0
274,33912.0805133453,122.00026192381199,123.76671720199015,70.0,350.0,30.092289993576262,0.44525643037887586,1.0505632534432878,2.245896817591346,277.9672762876778,136,138,0.9855072463768116,7,39.142857142857146,274,0,0,0,274,2,2,Messaging,0
198,16632.0,99.0,84.0,84.0,84.0,0.0,0.5097519762978243,0.005,2.0,168.0,99,99,1.0,198,1.0,0,0,0,0,0,1,0,ICMP/ping,0
29,2813.3173092825555,576.1452212092062,97.01094169939846,78.0,120.0,8.0,19.8670765934209,0.2,0.05033453187225119,4.883000336925474,14,15,1.0,14,2.0,0,29,0,0,29,1,1,Tunnel keep-alive,0
1231,212777.75167357182,24.63744635175504,172.8495139509113,144.15759473373706,208.32710706551444,14.028851465226973,0.017936198399488467,0.004570093159819384,49.96459383106115,8636.355758453621,615,616,0.9983766233766234,8,153.875,1231,0,0,0,1231,1,2,VoIP,0
8986,11918964.958536213,58.9770723513267,1326.3927173977536,80.0,1420.0,301.46395435075885,0.006563217488462798,0.0192185406930427,152.36429415265573,202094.89015553167,1109,7877,0.1407896407261648,26,345.61538461538464,8986,0,0,8986,0,2,2,Video streaming,0
678,653564.2298678531,40.87233427500099,963.9590411030282,60.0,1420.0,492.5796578879305,0.06028367887168287,0.20016276663708898,16.588237790340482,15990.381793965627,279,399,0.6992481203007519,8,84.75,678,0,0,678,0,4,2,Web browsing,0
11302,15745780.973017799,46.62747186708375,1393.1853630346664,70.0,1420.0,190.7380164712847,0.00412559475022861,0.0031497099436173493,242.38929428165173,337693.21694949956,10137,1165,8.701287553648068,13,869.3846153846154,11302,0,0,11302,0,1,2,File transfer,0
112,14365.253898628269,90.40512883623673,128.26119552346668,70.0,350.0,44.90078782918981,0.8071886503235423,1.6743594074767094,1.238867766041029,158.8986607679088,54,58,0.9310344827586207,6,18.666666666666668,112,0,0,0,112,2,2,Messaging,0
65,5460.0,32.0,84.0,84.0,84.0,0.0,0.4979506496218675,0.005,2.03125,170.625,32,32,1.0,65,1.0,0,0,0,0,0,1,0,ICMP/ping,0
51,4695.502810018909,86.72830088657997,92.06868254939037,78.0,120.0,8.0,1.7005549193447054,0.2,0.588043343160797,54.140375886753645,25,26,1.0,25,2.0,0,51,0,0,51,1,1,Tunnel keep-alive,0
1359,265496.77296433854,26.71672136250082,195.36186384425204,159.31015025265577,226.80283671163807,12.690015889346245,0.01774353078322825,0.0021739552928324865,50.86702000446326,9937.475836274796,682,677,1.0073855243722305,9,151.0,1359,0,0,0,1359,1,2,VoIP,0
6463,7814428.633540193,19.580204347534863,1209.1023725112475,80.0,1420.0,251.78347142025382,0.003029584457300768,0.045518835710246626,330.07827116031547,399098.4207743483,1211,5252,0.23057882711348057,27,239.37037037037038,6463,0,0,6463,0,2,2,Video streaming,0
1827,1557041.3311861502,43.624232131741536,852.2393712020527,60.0,1420.0,498.92252584986056,0.02387752169225043,0.08287227997449541,41.88039332090964,35692.12006950668,623,1204,0.5174418604651163,8,228.375,1827,0,0,1827,0,4,2,Web browsing,0
13431,19004065.560177796,47.96453606849482,1414.9404780118975,70.0,1420.0,171.40326444668563,0.0035711813020992346,0.006471146926816334,280.01938725770475,396210.76565901545,11831,1600,7.394375,17,790.0588235294117,13431,0,0,13431,0,1,2,File transfer,0
109,14765.471551896691,172.36028695244812,135.4630417605201,70.0,350.0,52.84793130200906,1.5812870362609919,0.5039127629786823,0.6323962551192064,85.66632031640958,57,52,1.0961538461538463,9,12.11111111111111,109,0,0,0,109,2,2,Messaging,0
167,14028.0,83.0,84.0,84.0,84.0,0.0,0.4962300484083296,0.005,2.0120481927710845,169.0120481927711,83,83,1.0,167,1.0,0,0,0,0,0,1,0,ICMP/ping,0
9,879.8201804399807,267.2729968442889,97.75779782666453,78.0,120.0,8.0,29.696999649365434,0.2,0.033673435424691735,3.291840892376258,4,5,1.0,4,2.0,0,9,0,0,9,1,1,Tunnel keep-alive,0
838,170030.98499434307,16.922664513059356,202.9009367474261,171.90926361298324,240.9073621089115,11.063595944663138,0.01754414996118627,0.0022843243883482007,49.51938858997699,10047.530332066135,422,416,1.0144230769230769,7,119.71428571428571,838,0,0,0,838,1,2,VoIP,0
6889,8216979.2604396995,83.54299113952055,1192.7680738045724,80.0,1420.0,289.0491186812808,0.012127012794240173,0.010709182881942036,82.46053805393512,98356.29713948086,1127,5762,0.19559180839986115,23,299.5217391304348,6889,0,0,6889,0,2,2,Video streaming,0
1663,1645225.6657021656,14.451666472990198,989.3118855695524,60.0,1420.0,445.6815638995451,0.008690118143710282,0.23524531256864462,115.07323415663552,113843.3182620877,631,1032,0.6114341085271318,10,166.3,1663,0,0,1663,0,4,2,Web browsing,0
8031,11297714.404194191,99.21369040602698,1406.7630935368188,70.0,1420.0,153.24926994371467,0.012353840170094258,0.005039677645072374,80.94649001698798,113872.53470724523,6894,1137,6.063324538258575,19,422.6842105263158,8031,0,0,8031,0,1,2,File transfer,0
232,37801.7621986519,147.363847084114,162.93863016660302,70.0,350.0,28.64205460046749,0.6351889960522156,1.6665194617430397,1.5743345779211124,256.51991955038324,130,102,1.2745098039215685,8,29.0,232,0,0,0,232,2,2,Messaging,0
37,3108.0,18.0,84.0,84.0,84.0,0.0,0.49353772690156195,0.005,2.0555555555555554,172.66666666666666,18,18,1.0,37,1.0,0,0,0,0,0,1,0,ICMP/ping,0
40,4390.124357043805,101.91190815497806,109.75310892609512,78.0,120.0,8.0,2.5477977038744517,0.2,0.3924958400265821,43.07763868347667,20,20,1.0,20,2.0,0,40,0,0,40,1,1,Tunnel keep-alive,0
272,53315.660087104545,5.246313498778213,196.01345620259025,160.0458493922232,232.46190367595582,17.86343506491926,0.024300267259475504,0.004666540943364829,51.84592953954137,10162.499839081473,137,135,1.0148148148148148,8,34.0,272,0,0,0,272,1,2,VoIP,0
11233,14307902.8506797,50.705756814168076,1273.7383468957269,80.0,1420.0,278.87188983099855,0.004513999538339542,0.04581769706070583,221.53303107510868,282175.11678440863,1309,9924,0.1319024586860137,21,534.9047619047619,11233,0,0,11233,0,2,2,Video streaming,0
2568,1999256.9719510654,53.95533693510946,778.5268582363962,60.0,1420.0,401.8816191106786,0.021010645223952282,0.08861493680583095,47.594921019369416,37053.92432921908,780,1788,0.436241610738255,35,73.37142857142857,2568,0,0,2568,0,4,2,Web browsing,0
19297,26497385.307733554,67.3212085709269,1373.1349592026509,70.0,1420.0,140.9628894895232,0.003488687804888164,0.0038009574555705424,286.6407245150607,393596.3995628062,17709,1588,11.15176322418136,9,2144.1111111111113,19297,0,0,19297,0,1,2,File transfer,0
195,26280.04336549543,47.041734223348314,134.76945315638682,70.0,350.0,59.52143864622367,0.2412396626838375,1.6350040529902872,4.145255340165909,558.6537953877518,104,91,1.1428571428571428,4,48.75,195,0,0,0,195,2,2,Messaging,0
78,7644.0,39.0,98.0,98.0,98.0,0.0,0.5000549255024339,0.005,2.0,196.0,39,39,1.0,78,1.0,0,0,0,0,0,1,0,ICMP/ping,0
16,1395.8871578030084,133.32608541452606,87.24294736268803,78.0,120.0,8.0,8.332880338407879,0.2,0.12000652348153903,10.469722811279095,8,8,1.0,8,2.0,0,16,0,0,16,1,1,Tunnel keep-alive,0
1889,375296.2355509168,37.318996012574914,198.67455561191997,175.4740568826561,219.1415975384837,16.343204209252654,0.018889966910353616,0.0028340920355275625,50.617653255288204,10056.439766612637,948,941,1.0074388947927737,5,377.8,1889,0,0,0,1889,1,2,VoIP,0
3169,4032632.5943411225,22.775285622057815,1272.52527432664,80.0,1420.0,333.2605508463022,0.007186899849182018,0.05220600135356231,139.14205303887957,177061.77921367215,578,2591,0.22307989193361635,43,73.69767441860465,3169,0,0,3169,0,2,2,Video streaming,0
176,149156.10881728996,38.37825378673115,847.4778910073294,60.0,1420.0,372.737643930482,0.21805826015188154,0.057734411182835496,4.585930380731654,3886.4746073689003,78,98,0.7959183673469388,29,6.068965517241379,176,0,0,176,0,4,2,Web browsing,0
14355,21087318.90876384,98.20980931723902,1468.9877331078956,70.0,1420.0,116.83369559191303,0.006841505351253154,0.0032221668400082707,146.1666619637783,214717.03341411875,13405,950,14.110526315789473,7,2050.714285714286,14355,0,0,14355,0,1,2,File transfer,0
61,5786.451653817182,150.55854554539124,94.85986317733085,70.0,350.0,48.36054897148127,2.468172877793299,0.9429273131796638,0.4051580053395865,38.43323295171346,30,31,0.967741935483871,14,4.357142857142857,61,0,0,0,61,2,2,Messaging,0
30,2940.0,15.0,98.0,98.0,98.0,0.0,0.5017083189841329,0.005,2.0,196.0,15,15,1.0,30,1.0,0,0,0,0,0,1,0,ICMP/ping,0
6,627.6124443647303,373.4525045365958,104.60207406078838,78.0,120.0,8.0,62.24208408943264,0.2,0.016066300070594494,1.6805683098671749,3,3,1.0,3,2.0,0,6,0,0,6,1,1,Tunnel keep-alive,0
1503,307913.5973639584,30.559713804155912,204.86599957681867,180.7198195130675,240.51376616602042,16.0186688468212,0.018926266728856514,0.0022019575424017295,49.18239776825404,10075.80108037806,751,752,0.9986702127659575,9,167.0,1503,0,0,0,1503,1,2,VoIP,0
12927,16083344.76168691,78.27265278070425,1244.1668416250413,80.0,1420.0,205.9189299336349,0.006054974300356173,0.043288222624077874,165.15346728080692,205478.46777018617,1994,10933,0.18238360925637978,33,391.72727272727275,12927,0,0,12927,0,2,2,Video streaming,0
2146,1431167.7210665094,58.021586594103255,666.9001496116074,60.0,1420.0,486.4181916405863,0.027037086017755476,0.23053580886397645,36.98623436502335,24666.125231604045,815,1331,0.6123215627347859,19,112.94736842105263,2146,0,0,2146,0,4,2,Web browsing,0
12485,17218651.64256717,21.758710944111662,1379.1471079348955,70.0,1420.0,179.42106625494054,0.0017427882213946065,0.003481908114262213,573.7931825128956,791345.2082154194,11707,778,15.047557840616967,16,780.3125,12485,0,0,12485,0,1,2,File transfer,0
89,13083.270090457023,35.295314798869654,147.00303472423622,70.0,350.0,38.50702420261574,0.39657657077381636,2.952468445406713,2.5215811363963314,370.6800793536489,44,45,0.9777777777777777,8,11.125,89,0,0,0,89,2,2,Messaging,0
192,18816.0,96.0,98.0,98.0,98.0,0.0,0.5325464729315412,0.005,2.0,196.0,96,96,1.0,192,1.0,0,0,0,0,0,1,0,ICMP/ping,0
29,2307.1070640470284,298.26080537387634,79.55541600162167,78.0,120.0,8.0,10.284855357719874,0.2,0.09723034162550415,7.735200275996775,14,15,1.0,14,2.0,0,29,0,0,29,1,1,Tunnel keep-alive,0
914,201482.25865305235,18.698734710606377,220.44010793550586,182.55105679902124,249.5596934507046,11.651837545728561,0.01750549417113171,0.003408467941419118,48.88031271343493,10775.181410470876,455,459,0.9912854030501089,7,130.57142857142858,914,0,0,0,914,1,2,VoIP,0
1364,1634265.3861584433,62.41317221561219,1198.141778708536,80.0,1420.0,246.78486200064208,0.04575745763607932,0.027923329557346804,21.854361051989688,26184.62302336948,140,1224,0.11437908496732026,45,30.31111111111111,1364,0,0,1364,0,2,2,Video streaming,0
2867,2077625.6605646352,46.942801708179644,724.6688735837583,60.0,1420.0,489.3886097010844,0.016373492050289377,0.057637364273344996,61.074326535146575,44258.66341511131,1235,1632,0.7567401960784313,17,168.64705882352942,2867,0,0,2867,0,4,2,Web browsing,0
24313,34586113.18244305,66.92896989692451,1422.5358113948525,70.0,1420.0,133.34073221591106,0.0027528059020657473,0.007597460708739941,363.2657134488068,516758.4864328285,21951,2362,9.293395427603725,18,1350.7222222222222,24313,0,0,24313,0,1,2,File transfer,0
182,27709.22965174033,179.6295454659363,152.24851457000182,70.0,350.0,47.07285195429583,0.9869755245381115,2.5711732486227925,1.0131963510118285,154.25763940929704,83,99,0.8383838383838383,9,20.22222222222222,182,0,0,0,182,2,2,Messaging,0
76,6384.0,38.0,84.0,84.0,84.0,0.0,0.5120926611096874,0.005,2.0,168.0,38,38,1.0,76,1.0,0,0,0,0,0,1,0,ICMP/ping,0
20,1552.0871893247631,137.13915514245284,77.60435946623815,78.0,120.0,8.0,6.856957757122641,0.2,0.1458372700285711,11.317607926872073,10,10,1.0,10,2.0,0,20,0,0,20,1,1,Tunnel keep-alive,0
1967,407170.73492130503,39.7770910284588,207.00088201388155,169.31239650384202,241.00156746932365,6.566061946221222,0.021457886848781815,0.002596400752294892,49.45057441713614,10236.312520440268,979,988,0.9908906882591093,4,491.75,1967,0,0,0,1967,1,2,VoIP,0
9605,12655795.663409937,12.694829309441758,1317.625784842263,80.0,1420.0,294.8134744259363,0.001321689673028814,0.050392846512333764,756.6072584257827,996925.2327006249,1630,7975,0.2043887147335423,59,162.79661016949152,9605,0,0,9605,0,2,2,Video streaming,0
2230,1331977.8124936933,33.74171296352098,597.2994674859611,60.0,1420.0,394.9348516930811,0.015130812988126002,0.06921551881904088,66.09030200721905,39475.70219489829,836,1394,0.599713055954089,17,131.1764705882353,2230,0,0,2230,0,4,2,Web browsing,0
9823,13785814.1134103,53.04338957757011,1403.4219803940039,70.0,1420.0,166.6854421014268,0.00539991749746209,0.0029000122404952257,185.18801453355363,259896.93010191337,9197,626,14.691693290734824,7,1403.2857142857142,9823,0,0,9823,0,1,2,File transfer,0
234,28340.305492591433,167.96876911741515,121.11241663500613,70.0,350.0,36.20410778110266,0.7178152526385263,2.765277505331243,1.393116120511826,168.72366000837167,108,126,0.8571428571428571,7,33.42857142857143,234,0,0,0,234,2,2,Messaging,0
48,4032.0,24.0,84.0,84.0,84.0,0.0,0.4852267195909386,0.005,2.0,168.0,24,24,1.0,48,1.0,0,0,0,0,0,1,0,ICMP/ping,0
18,1702.39695891482,385.88627186342444,94.57760882860111,78.0,120.0,8.0,21.438126214634693,0.2,0.04664586773994045,4.411654632578752,9,9,1.0,9,2.0,0,18,0,0,18,1,1,Tunnel keep-alive,0
1276,241769.31657188988,25.436121428071093,189.47438602812687,155.07855696103314,226.81305539516455,11.809202721625356,0.021750765409919815,0.004285727966570374,50.164880821484715,9504.959993824972,638,638,1.0,4,319.0,1276,0,0,0,1276,1,2,VoIP,0
9851,13245357.175957931,85.08789433457426,1344.5698077309848,80.0,1420.0,323.38021915762954,0.008637488004727871,0.06627709552867643,115.77440101249734,155666.76410954347,1529,8322,0.1837298726267724,18,547.2777777777778,9851,0,0,9851,0,2,2,Video streaming,0
1328,933815.6776150959,55.423542988628434,703.1744560354638,60.0,1420.0,458.098271792467,0.0417345956239672,0.15036140772829842,23.960936605450744,16848.71856363806,429,899,0.4771968854282536,9,147.55555555555554,1328,0,0,1328,0,4,2,Web browsing,0
6945,9452639.21180676,84.14002810910488,1361.0711608073088,70.0,1420.0,140.24466374336689,0.012115194832124532,0.0019247342720718104,82.54097551517783,112344.14135861074,6034,911,6.623490669593853,17,408.52941176470586,6945,0,0,6945,0,1,2,File transfer,0
173,28267.68773087517,131.55658220461623,163.3970389067929,70.0,350.0,43.739430519037384,0.760442671702984,2.739316814815432,1.3150235214451287,214.8709494969175,89,84,1.0595238095238095,10,17.3,173,0,0,0,173,2,2,Messaging,0
178,17444.0,89.0,98.0,98.0,98.0,0.0,0.5082509826466763,0.005,2.0,196.0,89,89,1.0,178,1.0,0,0,0,0,0,1,0,ICMP/ping,0
34,2833.1757266582936,562.6791809128365,83.32869784289099,78.0,120.0,8.0,16.549387673906956,0.2,0.06042519637005527,5.035152930417689,17,17,1.0,17,2.0,0,34,0,0,34,1,1,Tunnel keep-alive,0
832,175493.9862692671,16.50023391880043,210.93027195825374,184.66331360655087,246.7089213937739,18.378082172161022,0.01853540900830326,0.002735269678306118,50.423527575085835,10635.84838450736,411,421,0.9762470308788599,6,138.66666666666666,832,0,0,0,832,1,2,VoIP,0
11863,14473612.62885086,112.99532693660726,1220.0634433828593,80.0,1420.0,206.34376238340218,0.009525021237175019,0.049524033569808425,104.98664255961125,128090.36463048476,2289,9574,0.23908502193440567,39,304.1794871794872,11863,0,0,11863,0,2,2,Video streaming,0
2779,2392739.75848764,42.1716260555385,861.0074697688522,60.0,1420.0,370.8673773336631,0.015175108332327637,0.1135578459371739,65.89738788682602,56738.14320881268,1198,1581,0.7577482605945604,12,231.58333333333334,2779,0,0,2779,0,4,2,Web browsing,0
21991,30625980.07248499,78.49340112257048,1392.659727728843,70.0,1420.0,129.80522086394433,0.003569342054593719,0.0019482843002577085,280.16367854490346,390172.6722818564,20411,1580,12.918354430379747,16,1374.4375,21991,0,0,21991,0,1,2,File transfer,0
120,17391.947122216785,94.75703591597056,144.93289268513988,70.0,350.0,35.4048047961,0.7896419659664213,2.664550413055888,1.266396725478144,183.54254071053637,59,61,0.9672131147540983,4,30.0,120,0,0,0,120,2,2,Messaging,0
114,11172.0,57.0,98.0,98.0,98.0,0.0,0.4971360812650322,0.005,2.0,196.0,57,57,1.0,114,1.0,0,0,0,0,0,1,0,ICMP/ping,0
42,4001.516304093415,503.97713888086855,95.27419771650987,78.0,120.0,8.0,11.999455687639728,0.2,0.08333711345174344,7.939876624124619,21,21,1.0,21,2.0,0,42,0,0,42,1,1,Tunnel keep-alive,0
230,49221.55449940958,4.81965381661053,214.00675869308515,179.39683147390934,246.96102211434356,16.943608933442814,0.019023911364945755,0.0040160921397135296,47.72126977404983,10212.6742650627,111,119,0.9327731092436975,9,25.555555555555557,230,0,0,0,230,1,2,VoIP,0
2751,3603186.883418379,112.38880270481388,1309.7734945177676,80.0,1420.0,346.1887717002994,0.040853799601895266,0.013653904033148015,24.477527420818124,32060.016627119436,462,2289,0.2018348623853211,15,183.4,2751,0,0,2751,0,2,2,Video streaming,0
455,341022.6193025428,9.693773506637868,749.5002622033908,60.0,1420.0,356.4510427800409,0.021304996717885424,0.2167166651377304,46.93734588377128,35179.55304701782,192,263,0.7300380228136882,29,15.689655172413794,455,0,0,455,0,4,2,Web browsing,0
3673,5138348.211502124,58.94251550796136,1398.9513235780353,70.0,1420.0,124.18888835541459,0.016047513070504046,0.009199618324906452,62.31495158200176,87175.58399434254,3429,244,14.05327868852459,5,734.6,3673,0,0,3673,0,1,2,File transfer,0
157,19487.99034001102,15.341709656916398,124.12732700643961,70.0,350.0,49.448017002430475,0.0977178959039261,1.3256069483410133,10.23354003634274,1270.2619705246072,91,66,1.378787878787879,6,26.166666666666668,157,0,0,0,157,2,2,Messaging,0
33,2772.0,16.0,84.0,84.0,84.0,0.0,0.505380617201818,0.005,2.0625,173.25,16,16,1.0,33,1.0,0,0,0,0,0,1,0,ICMP/ping,0
31,2839.0789512591327,425.8728244278347,91.58319197610106,78.0,120.0,8.0,13.737833046059183,0.2,0.07279168385925745,6.666494757146032,15,16,1.0,15,2.0,0,31,0,0,31,1,1,Tunnel keep-alive,0
318,64176.00996552376,6.633991378152762,201.81135209284201,162.29107562725773,224.32235638809507,5.254214973343715,0.02464271028508678,0.004080632847028384,47.93494321491675,9673.815702695952,162,156,1.0384615384615385,2,159.0,318,0,0,0,318,1,2,VoIP,0
14732,18977003.755343966,39.21411162544667,1288.148503620959,80.0,1420.0,252.2143389752432,0.002661832176584759,0.03602175064344312,375.6810849296448,483933.02739082027,1475,13257,0.111261974805763,57,258.4561403508772,14732,0,0,14732,0,2,2,Video streaming,0
2520,2534823.693812145,40.55523079008618,1005.8824181794225,60.0,1420.0,496.1291665724535,0.0160933455516215,0.26176520674597487,62.13748389310165,62503.00255797801,764,1756,0.43507972665148065,18,140.0,2520,0,0,2520,0,4,2,Web browsing,0
14512,19764900.68368926,64.55319084401317,1361.9694517426447,70.0,1420.0,115.23277856626788,0.004448262875138725,0.009095096912914914,224.80685788355387,306180.07297965046,13365,1147,11.652136006974716,17,853.6470588235294,14512,0,0,14512,0,1,2,File transfer,0
117,14431.251731544684,112.5596069715403,123.34403189354431,70.0,350.0,38.9360352597965,0.9620479228336778,0.6492912224272234,1.039449258467848,128.20986248817925,62,55,1.1272727272727272,6,19.5,117,0,0,0,117,2,2,Messaging,0
99,9702.0,49.0,98.0,98.0,98.0,0.0,0.5002088648829596,0.005,2.020408163265306,198.0,49,49,1.0,99,1.0,0,0,0,0,0,1,0,ICMP/ping,0
20,1886.1401811437368,363.0985131921375,94.30700905718683,78.0,120.0,8.0,18.154925659606874,0.2,0.05508147038161179,5.194568726161832,10,10,1.0,10,2.0,0,20,0,0,20,1,1,Tunnel keep-alive,0
477,90662.45380067933,9.405680748261371,190.068037317986,167.2519783401325,222.51631014930595,16.719827836209575,0.018206574840543922,0.003313193597681443,50.714032590163434,9639.116638892743,237,240,0.9875,8,59.625,477,0,0,0,477,1,2,VoIP,0
12623,16600136.264716865,109.70630603058805,1315.0706064102721,80.0,1420.0,321.47902810408794,0.008690985188195204,0.07631766747105127,115.06175402971353,151314.33064648494,1688,10935,0.15436671239140376,45,280.5111111111111,12623,0,0,12623,0,2,2,Video streaming,0
2636,1835167.274785176,42.94998555199189,696.1939585679727,60.0,1420.0,453.51448373567655,0.016293621226097073,0.28265170121163424,61.373710983186825,42728.0068013915,987,1649,0.5985445724681625,16,164.75,2636,0,0,2636,0,4,2,Web browsing,0
16794,22492678.572059117,14.010744110381124,1339.3282465201332,70.0,1420.0,176.10883060238757,0.0008342708175765823,0.00418840988356942,1198.6515396820823,1605387.864831061,15868,926,17.136069114470843,18,933.0,16794,0,0,16794,0,1,2,File transfer,0
81,9883.377019987654,147.18413345027892,122.01700024676117,70.0,350.0,38.38659481610645,1.8170880672873941,1.8664428550807373,0.5503310587982845,67.14974493719062,39,42,0.9285714285714286,5,16.2,81,0,0,0,81,2,2,Messaging,0
15,1260.0,7.0,84.0,84.0,84.0,0.0,0.5095367167816578,0.005,2.142857142857143,180.0,7,7,1.0,15,1.0,0,0,0,0,0,1,0,ICMP/ping,0
49,4486.065244380611,515.5708185879848,91.55235192613492,78.0,120.0,8.0,10.52185344057112,0.2,0.09504028977861534,8.701162056973635,24,25,1.0,24,2.0,0,49,0,0,49,1,1,Tunnel keep-alive,0
1975,324620.8944213813,39.994981369325096,164.36500983361077,131.18273454422024,186.54287611323156,14.548079701300315,0.021794748123889852,0.002992944001997092,49.38119564958126,8116.5407085388815,989,986,1.0030425963488845,9,219.44444444444446,1975,0,0,0,1975,1,2,VoIP,0
6451,9301985.71038588,38.54959614936993,1441.9447698629483,80.0,1420.0,210.96223430405226,0.005975755099886829,0.053564028523207234,167.34286852199455,241299.17403915303,1278,5173,0.2470520007732457,18,358.3888888888889,6451,0,0,6451,0,2,2,Video streaming,0
719,471965.3468837323,48.59273139586108,656.4191194488627,60.0,1420.0,486.1848190669429,0.06758377106517535,0.2859253982050552,14.796451636823225,9712.673754411186,319,400,0.7975,28,25.678571428571427,719,0,0,719,0,4,2,Web browsing,0
4895,6709847.6474068435,97.95771171923533,1370.7553927286708,70.0,1420.0,147.690010646797,0.020011789932428057,0.0074649805783480365,49.97054253400654,68497.39065606688,4281,614,6.972312703583062,5,979.0,4895,0,0,4895,0,1,2,File transfer,0
58,8827.414813063058,142.82930290444907,152.19680712177686,70.0,350.0,58.40671138914982,2.4625741880077423,2.4089476721664314,0.40607913656766387,61.80394802436643,33,25,1.32,14,4.142857142857143,58,0,0,0,58,2,2,Messaging,0
146,12264.0,73.0,84.0,84.0,84.0,0.0,0.48749592266030284,0.005,2.0,168.0,73,73,1.0,146,1.0,0,0,0,0,0,1,0,ICMP/ping,0
45,4412.031896859915,517.9427283848013,98.04515326355367,78.0,120.0,8.0,11.50983840855114,0.2,0.08688219282531875,8.518377911432,22,23,1.0,22,2.0,0,45,0,0,45,1,1,Tunnel keep-alive,0
655,122700.66076324637,13.408275439555938,187.32925307365858,159.27396510441355,225.22210902521127,5.006641721558118,0.017545741851168493,0.00460553238656774,48.85042845015516,9151.114273895766,327,328,0.9969512195121951,8,81.875,655,0,0,0,655,1,2,VoIP,0
4318,5302720.577642247,111.14841271216547,1228.050156934286,80.0,1420.0,258.868727934422,0.025740716237185147,0.06279854813429159,38.848957845057775,47708.46877835666,828,3490,0.23724928366762177,53,81.47169811320755,4318,0,0,4318,0,2,2,Video streaming,0
2865,2803564.3262954615,39.212175930404655,978.5564838727614,60.0,1420.0,498.86634340621686,0.013686623361397785,0.1465807932691165,73.06404023803518,71497.29031286966,1106,1759,0.6287663445139283,25,114.6,2865,0,0,2865,0,4,2,Web browsing,0
21392,29744039.884014707,31.635902160415622,1390.428192035093,70.0,1420.0,122.08527829630088,0.0014788660321809846,0.001350369669931007,676.1937716056889,940198.8833190885,18260,3132,5.830140485312899,5,4278.4,21392,0,0,21392,0,1,2,File transfer,0
297,34496.99981097991,157.35096026602005,116.15151451508387,70.0,350.0,31.299149759081068,0.5298012130169025,2.8761479264382395,1.8875003971878344,219.23602978118933,153,144,1.0625,13,22.846153846153847,297,0,0,0,297,2,2,Messaging,0
65,5460.0,32.0,84.0,84.0,84.0,0.0,0.48175559113323535,0.005,2.03125,170.625,32,32,1.0,65,1.0,0,0,0,0,0,1,0,ICMP/ping,0
56,4725.4782925627005,212.54787562534023,84.38354093861965,78.0,120.0,8.0,3.7954977790239326,0.2,0.26347005273631446,22.232535981175072,28,28,1.0,28,2.0,0,56,0,0,56,1,1,Tunnel keep-alive,0
899,198952.16473397982,17.910102876529802,221.3038539866294,184.84063737245222,259.081602466702,13.167586535738419,0.018395853176568066,0.0018178435442188473,50.19513322718485,11108.376434548325,451,448,1.0066964285714286,9,99.88888888888889,899,0,0,0,899,1,2,VoIP,0
10583,13236173.729551587,46.47211689739132,1250.7014768545391,80.0,1420.0,210.67374277601493,0.004391204469185611,0.014830531482897142,227.72795186771597,284819.6857220118,2053,8530,0.2406799531066823,51,207.50980392156862,10583,0,0,10583,0,2,2,Video streaming,0
2020,1763996.5678047065,27.517663949936008,873.2656276260923,60.0,1420.0,471.6317871511878,0.013622605915809905,0.258956481977629,73.40739401698731,64104.15400864028,706,1314,0.5372907153729072,9,224.44444444444446,2020,0,0,2020,0,4,2,Web browsing,0
16300,22191384.563504457,79.40105342666979,1361.4346357978195,70.0,1420.0,187.5883083517057,0.004871230271574834,0.005851850974624079,205.28694893265788,279484.76255417865,14315,1985,7.211586901763225,11,1481.8181818181818,16300,0,0,16300,0,1,2,File transfer,0
88,13249.841144103528,76.610073758195,150.5663766375401,70.0,350.0,41.868020822270736,0.8705690199794887,1.8300541974606295,1.1486740017736456,172.9516823848011,45,43,1.0465116279069768,14,6.285714285714286,88,0,0,0,88,2,2,Messaging,0
63,6174.0,31.0,98.0,98.0,98.0,0.0,0.4926848659610367,0.005,2.032258064516129,199.16129032258064,31,31,1.0,63,1.0,0,0,0,0,0,1,0,ICMP/ping,0
25,2044.2011221704263,184.42499754336893,81.76804488681705,78.0,120.0,8.0,7.376999901734758,0.2,0.13555646107096225,11.08418679354851,12,13,1.0,12,2.0,0,25,0,0,25,1,1,Tunnel keep-alive,0
1914,365752.13629802095,37.83190094358731,191.09307016615514,156.45857543487088,223.9057820222069,11.239158568727825,0.017102727753181224,0.0040362757570335025,50.59222381804297,9667.82337592311,961,953,1.0083945435466946,2,957.0,1914,0,0,0,1914,1,2,VoIP,0
12805,17275068.41773221,45.78246474253342,1349.0877327397272,80.0,1420.0,227.2420951634904,0.00357535843362229,0.03596587057104357,279.6922374540428,377329.3664917761,2435,10370,0.23481195756991322,50,256.1,12805,0,0,12805,0,2,2,Video streaming,0
2651,2358216.1041121203,46.93655864615542,889.5571875187177,60.0,1420.0,431.3706505193984,0.017705227705075603,0.08740036238173814,56.48049359530844,50242.62903231152,946,1705,0.5548387096774193,30,88.36666666666666,2651,0,0,2651,0,4,2,Web browsing,0
12014,16069308.283493709,77.84467305122968,1337.548550315774,70.0,1420.0,162.8434047418999,0.0064794966748151885,0.00533680731347155,154.33297525822442,206427.84732255831,10646,1368,7.7821637426900585,8,1501.75,12014,0,0,12014,0,1,2,File transfer,0
130,18632.55463919455,131.45210789211117,143.3273433784196,70.0,350.0,50.36021130087724,1.0111700607085474,0.7562899101661862,0.9889533312519949,141.74405369358664,65,65,1.0,11,11.818181818181818,130,0,0,0,130,2,2,Messaging,0
60,5880.0,30.0,98.0,98.0,98.0,0.0,0.49951393105127184,0.005,2.0,196.0,30,30,1.0,60,1.0,0,0,0,0,0,1,0,ICMP/ping,0
7,675.4029172322713,436.49306623120384,96.48613103318162,78.0,120.0,8.0,62.356152318743405,0.2,0.01603690995698934,1.5473393954774084,3,4,1.0,3,2.0,0,7,0,0,7,1,1,Tunnel keep-alive,0
1319,258370.20406364807,25.97823499218908,195.88339959336471,173.38089445052978,232.89283188858147,10.169061266713395,0.020661144748364103,0.0011234316172322898,50.77327233342011,9945.64119315006,662,657,1.0076103500761036,9,146.55555555555554,1319,0,0,0,1319,1,2,VoIP,0
6260,7541013.396497566,33.47326827732585,1204.6347278750106,80.0,1420.0,217.8311586765608,0.0053471674564418295,0.06353033990333955,187.0149024031933,225284.6460650424,1046,5214,0.20061373225930187,59,106.10169491525424,6260,0,0,6260,0,2,2,Video streaming,0
2330,2037542.2589600082,35.21203743140572,874.4816562060121,60.0,1420.0,396.79760304896274,0.015112462416912326,0.17062510505884015,66.17055330975725,57864.93505038474,876,1454,0.6024759284731774,39,59.743589743589745,2330,0,0,2330,0,4,2,Web browsing,0
3151,4404094.866320697,91.59149896049465,1397.6816459284978,70.0,1420.0,161.59119156767213,0.029067438578386114,0.008589502818427623,34.402756104680556,48084.100776866595,2709,442,6.1289592760181,12,262.5833333333333,3151,0,0,3151,0,1,2,File transfer,0
187,24668.86251585923,18.783682681853385,131.91905088694776,70.0,350.0,40.19182393218112,0.100447500972478,2.296134868306375,9.955449267712433,1313.3134185497831,107,80,1.3375,5,37.4,187,0,0,0,187,2,2,Messaging,0
156,15288.0,78.0,98.0,98.0,98.0,0.0,0.5042054510922812,0.005,2.0,196.0,78,78,1.0,156,1.0,0,0,0,0,0,1,0,ICMP/ping,0
30,2669.113338604705,144.92753241704628,88.97044462015683,78.0,120.0,8.0,4.830917747234876,0.2,0.20700000544873295,18.416882521148658,15,15,1.0,15,2.0,0,30,0,0,30,1,1,Tunnel keep-alive,0
651,139647.5178713153,13.145029186085205,214.5123162385796,184.4820070089849,235.9301477564053,9.69294741282695,0.01831719435732876,0.00474118839418131,49.52442408337307,10623.598920506049,321,330,0.9727272727272728,7,93.0,651,0,0,0,651,1,2,VoIP,0
5690,6981500.358360962,79.07927208645079,1226.977215880661,80.0,1420.0,228.03716609126926,0.013897938855263758,0.011385696084307808,71.95311552412365,88284.83335972881,791,4899,0.1614615227597469,19,299.4736842105263,5690,0,0,5690,0,2,2,Video streaming,0
239,181745.98031620245,39.17108469772856,760.4434322853659,60.0,1420.0,400.1074948503154,0.16389575187334127,0.2331747626475701,6.101439412369887,4639.799528623763,86,153,0.5620915032679739,29,8.241379310344827,239,0,0,239,0,4,2,Web browsing,0
2887,3966524.235285041,80.53838582356966,1373.9259561084311,70.0,1420.0,168.54438832219017,0.027896912304665622,0.003992105414338408,35.84626101551586,49250.108438655014,2470,417,5.92326139088729,19,151.94736842105263,2887,0,0,2887,0,1,2,File transfer,0
186,18100.7854971928,170.55625905803157,97.31605106017633,70.0,350.0,45.66937589194232,0.9169691347205998,2.1786978716680174,1.090549247663281,106.12794626923676,97,89,1.0898876404494382,9,20.666666666666668,186,0,0,0,186,2,2,Messaging,0
156,15288.0,78.0,98.0,98.0,98.0,0.0,0.4958653483887672,0.005,2.0,196.0,78,78,1.0,156,1.0,0,0,0,0,0,1,0,ICMP/ping,0
34,3216.495372238181,235.63710919925805,94.60280506582886,78.0,120.0,8.0,6.9305032117428835,0.2,0.1442896669185036,13.650207232504568,17,17,1.0,17,2.0,0,34,0,0,34,1,1,Tunnel keep-alive,0
1030,185477.53399986494,20.532018927594507,180.07527572802422,140.66174481982932,202.34134582257352,11.05401503542387,0.02023242115621169,0.003951539939338425,50.165548922990055,9033.575054355122,519,511,1.015655577299413,4,257.5,1030,0,0,0,1030,1,2,VoIP,0
13712,16676926.317034973,32.48846313445016,1216.2285820474747,80.0,1420.0,290.8224003821607,0.002369345327774953,0.04617529573897108,422.05751448612085,513318.41238593624,2386,11326,0.21066572488080523,16,857.0,13712,0,0,13712,0,2,2,Video streaming,0
1759,1450163.5336676538,35.228344769191615,824.4249765023615,60.0,1420.0,453.4668273872182,0.02002748423490143,0.08598547839305772,49.93138370606346,41164.67983860176,684,1075,0.6362790697674419,34,51.73529411764706,1759,0,0,1759,0,4,2,Web browsing,0
3518,4832323.38387266,95.62808987610094,1373.599597462382,70.0,1420.0,159.90445871503815,0.027182515598664282,0.006612839004612395,36.788353762561215,50532.46791955779,3218,300,10.726666666666667,18,195.44444444444446,3518,0,0,3518,0,1,2,File transfer,0
153,20380.919203002846,52.65181776748742,133.20862224184867,70.0,350.0,47.041051522101895,0.3441295278920747,2.266574674696774,2.9058825789387606,387.08861473702234,79,74,1.0675675675675675,11,13.909090909090908,153,0,0,0,153,2,2,Messaging,0
196,19208.0,98.0,98.0,98.0,98.0,0.0,0.5215533274819062,0.005,2.0,196.0,98,98,1.0,196,1.0,0,0,0,0,0,1,0,ICMP/ping,0
27,2220.0582261223744,567.090831822281,82.22437874527313,78.0,120.0,8.0,21.00336414156596,0.2,0.047611420401981484,3.91481946373295,13,14,1.0,13,2.0,0,27,0,0,27,1,1,Tunnel keep-alive,0
1116,251060.6682226064,22.022632634135345,224.96475647186952,191.36251876293005,253.1277902892035,5.230923375369628,0.022174171573682778,0.0033317042272170525,50.67514036765008,11400.120611986204,553,563,0.9822380106571936,9,124.0,1116,0,0,0,1116,1,2,VoIP,0
8331,11145137.106472157,113.3616662422859,1337.7910342662533,80.0,1420.0,292.58735312730886,0.01360720996786531,0.06175857608819183,73.49045119180147,98314.8667085737,1011,7320,0.13811475409836066,52,160.21153846153845,8331,0,0,8331,0,2,2,Video streaming,0
2804,1998287.6407593878,32.39222161812779,712.6560773036333,60.0,1420.0,461.4237462359474,0.01155214751003131,0.13176116103795443,86.56399159824178,61690.35468814766,1215,1589,0.7646318439269981,28,100.14285714285714,2804,0,0,2804,0,4,2,Web browsing,0
5676,7934568.667658869,56.14537548355984,1397.915551032218,70.0,1420.0,167.06755253823258,0.009891715201472839,0.007307808722752889,101.09470194320836,141321.85597337794,4940,736,6.711956521739131,11,516.0,5676,0,0,5676,0,1,2,File transfer,0
264,26898.85876840155,159.16990793126192,101.88961654697557,70.0,350.0,49.548926029062656,0.6029163179214466,0.5343638850283632,1.6586049676802561,168.9946241598501,118,146,0.8082191780821918,11,24.0,264,0,0,0,264,2,2,Messaging,0
119,9996.0,59.0,84.0,84.0,84.0,0.0,0.4902688463977868,0.005,2.016949152542373,169.42372881355934,59,59,1.0,119,1.0,0,0,0,0,0,1,0,ICMP/ping,0
38,2782.5717036102783,423.35070104296307,73.2255711476389,78.0,120.0,8.0,11.140807922183239,0.2,0.08976009702212263,6.5727343707124115,19,19,1.0,19,2.0,0,38,0,0,38,1,1,Tunnel keep-alive,0
537,113587.68639174824,10.612200391825219,211.5226934669427,183.8570086740987,241.39271331003087,9.249571436373959,0.01900048500550722,0.004147078013428509,50.60213529454847,10703.499952681539,265,272,0.9742647058823529,6,89.5,537,0,0,0,537,1,2,VoIP,0
2014,2454939.342894747,91.1709132689428,1218.9371116657135,80.0,1420.0,255.66694076451918,0.045268576598283414,0.07445366259243502,22.09037869412311,26926.78240101624,319,1695,0.1882005899705015,39,51.64102564102564,2014,0,0,2014,0,2,2,Video streaming,0
394,324873.7008599626,19.78694329102064,824.5525402537122,60.0,1420.0,405.2673379874868,0.050220668251321425,0.2738365222882923,19.912120543590888,16418.589576055994,157,237,0.6624472573839663,31,12.709677419354838,394,0,0,394,0,4,2,Web browsing,0
21642,29213276.798471685,50.89108807608896,1349.8418260083026,70.0,1420.0,170.54608302834862,0.0023514965380320193,0.004848412003330036,425.26109812473106,574035.2172229829,19353,2289,8.45478374836173,16,1352.625,21642,0,0,21642,0,1,2,File transfer,0
126,19822.693662549576,169.16770564971753,157.32296557579028,70.0,350.0,22.560253864344837,1.3426008384898216,2.561858093367519,0.7448230116739801,117.17776502564203,57,69,0.8260869565217391,13,9.692307692307692,126,0,0,0,126,2,2,Messaging,0
195,16380.0,97.0,84.0,84.0,84.0,0.0,0.5039663000459935,0.005,2.0103092783505154,168.8659793814433,97,97,1.0,195,1.0,0,0,0,0,0,1,0,ICMP/ping,0
12,946.3366250427148,90.33508176761707,78.86138542022623,78.0,120.0,8.0,7.5279234806347555,0.2,0.13283875727117245,10.47584843590581,6,6,1.0,6,2.0,0,12,0,0,12,1,1,Tunnel keep-alive,0
1021,193771.23427401957,19.94831127440267,189.7857338628987,155.52653370572258,210.015583328861,11.13165891843698,0.01729465523989754,0.004696107481702932,51.18227733442929,9713.666064689069,509,512,0.994140625,5,204.2,1021,0,0,0,1021,1,2,VoIP,0
3032,4072672.6071063033,30.421137539136733,1343.229751684137,80.0,1420.0,322.1188528386743,0.010033356708158553,0.05795940169121389,99.66754188923206,133876.40754284148,336,2696,0.12462908011869436,19,159.57894736842104,3032,0,0,3032,0,2,2,Video streaming,0
1252,1077729.3064960302,22.039378142735792,860.8061553482669,60.0,1420.0,387.49354195964315,0.017603337174709098,0.1787514149274308,56.807410440147144,48900.16857627406,476,776,0.6134020618556701,28,44.714285714285715,1252,0,0,1252,0,4,2,Web browsing,0
2060,2893179.3226142027,41.84102428627924,1404.4559818515547,70.0,1420.0,130.77958316807457,0.02031117683799963,0.009224095994859335,49.2339763459263,69146.95258937414,1947,113,17.23008849557522,8,257.5,2060,0,0,2060,0,1,2,File transfer,0
129,19824.928971543944,70.25224129481933,153.68161993444917,70.0,350.0,40.22536613687835,0.5445910177892971,2.8528020313341838,1.8362403479575955,282.1963912631199,74,55,1.3454545454545455,7,18.428571428571427,129,0,0,0,129,2,2,Messaging,0
70,5880.0,35.0,84.0,84.0,84.0,0.0,0.5030826084056249,0.005,2.0,168.0,35,35,1.0,70,1.0,0,0,0,0,0,1,0,ICMP/ping,0
10,704.3399303367212,425.54802281829217,70.43399303367212,78.0,120.0,8.0,42.55480228182922,0.2,0.023499110473531613,1.6551361833902172,5,5,1.0,5,2.0,0,10,0,0,10,1,1,Tunnel keep-alive,0
664,109254.87379724829,13.124781420072646,164.5404725862173,144.2754519161391,190.45933036339045,11.887838505988427,0.016834464583690527,0.002644374435521759,50.59131872356353,8324.319491535089,330,334,0.9880239520958084,7,94.85714285714286,664,0,0,0,664,1,2,VoIP,0
6164,7945201.191378105,28.181293915725316,1288.9683957459613,80.0,1420.0,224.20442015830756,0.004571916598917151,0.01584880362574828,218.72664961492256,281931.7386610357,628,5536,0.11343930635838151,57,108.14035087719299,6164,0,0,6164,0,2,2,Video streaming,0
2563,2638241.22412744,53.99705442407307,1029.3567007910417,60.0,1420.0,386.23052625525224,0.021067910426872054,0.13856783180430393,47.465552099770804,48858.984110645375,809,1754,0.46123147092360317,11,233.0,2563,0,0,2563,0,4,2,Web browsing,0
15545,20965098.07852326,64.69774147860873,1348.6714749773728,70.0,1420.0,121.9553923229802,0.004161964713966467,0.009638765224421097,240.27113844676794,324046.83068349503,14171,1374,10.3136826783115,17,914.4117647058823,15545,0,0,15545,0,1,2,File transfer,0
156,19637.381383733325,80.68176759896473,125.88064989572645,70.0,350.0,37.15777333720577,0.5171908179420815,1.8522625095952021,1.9335223389677165,243.39304861716124,84,72,1.1666666666666667,12,13.0,156,0,0,0,156,2,2,Messaging,0
166,16268.0,83.0,98.0,98.0,98.0,0.0,0.5053019130734291,0.005,2.0,196.0,83,83,1.0,166,1.0,0,0,0,0,0,1,0,ICMP/ping,0
6,434.4935074719217,400.9662174579233,72.41558457865362,78.0,120.0,8.0,66.82770290965388,0.2,0.014963854157188766,1.0836162463425407,3,3,1.0,3,2.0,0,6,0,0,6,1,1,Tunnel keep-alive,0
438,81519.96020678851,8.375394642178918,186.1186306091062,159.37449909779116,208.97546990539283,15.381104705365534,0.020766151267022952,0.0018250084553446105,52.296043197082255,9733.267946115613,218,220,0.990909090909091,1,438.0,438,0,0,0,438,1,2,VoIP,0
6126,8344932.566383205,95.02853934361454,1362.2155674801184,80.0,1420.0,300.98696590317974,0.015512330940844685,0.03856833397781462,64.4648443753191,87815.01456324283,1155,4971,0.23234761617380809,57,107.47368421052632,6126,0,0,6126,0,2,2,Video streaming,0
2563,2200149.073172179,44.30527011997983,858.4272622599216,60.0,1420.0,482.2345182411135,0.017286488536862984,0.23282912992582405,57.84864854811468,49658.85699859447,1036,1527,0.6784544859201048,31,82.6774193548387,2563,0,0,2563,0,4,2,Web browsing,0
22288,30801857.607545614,51.854972347057995,1381.992893375162,70.0,1420.0,112.73864160003393,0.0023265870579261484,0.0035695790210666044,429.81413336467654,594000.0777821871,20129,2159,9.323297823066234,17,1311.0588235294117,22288,0,0,22288,0,1,2,File transfer,0
166,24637.50855285527,155.34558332545063,148.4187262220197,70.0,350.0,55.302395070893894,0.935816767020787,1.6657743903504252,1.0685852564744518,158.5980626255684,68,98,0.6938775510204082,11,15.090909090909092,166,0,0,0,166,2,2,Messaging,0
155,13020.0,77.0,84.0,84.0,84.0,0.0,0.49102953569354746,0.005,2.012987012987013,169.0909090909091,77,77,1.0,155,1.0,0,0,0,0,0,1,0,ICMP/ping,0
13,1108.5039101334883,533.7692446917329,85.26953154872987,78.0,120.0,8.0,41.05917266859483,0.2,0.024355093758741897,2.076747435633316,6,7,1.0,6,2.0,0,13,0,0,13,1,1,Tunnel keep-alive,0
915,192108.67898344458,17.981723293228157,209.9548404190651,179.04313676568216,249.58898726948794,11.75717857205893,0.021390999715042644,0.003053472840899662,50.88500056858206,10683.552174100683,457,458,0.9978165938864629,4,228.75,915,0,0,0,915,1,2,VoIP,0
7079,9023172.515374552,113.68005336445958,1274.6394286445193,80.0,1420.0,210.50052681995987,0.01605877290075711,0.061046432003955015,62.271258593665884,79373.4014748054,1138,5941,0.19155024406665544,18,393.27777777777777,7079,0,0,7079,0,2,2,Video streaming,0
1630,1224839.202284397,25.321506371725917,751.4350934260106,60.0,1420.0,356.7978918441342,0.015534666485721422,0.13748623488240996,64.37215764620007,48371.49829490622,716,914,0.7833698030634574,37,44.054054054054056,1630,0,0,1630,0,4,2,Web browsing,0
5306,7313333.820087996,84.8230935599773,1378.31395026159,70.0,1420.0,163.1988680396189,0.015986259623063947,0.0018583444204575278,62.5537194802757,86218.66420041418,4565,741,6.160593792172739,13,408.15384615384613,5306,0,0,5306,0,1,2,File transfer,0
155,25776.422322561164,82.4320661964365,166.2994988552333,70.0,350.0,41.9212942665696,0.5318197819124935,1.8026829762709697,1.8803362229285063,312.6989715523529,72,83,0.8674698795180723,12,12.916666666666666,155,0,0,0,155,2,2,Messaging,0
108,9072.0,54.0,84.0,84.0,84.0,0.0,0.506686498601606,0.005,2.0,168.0,54,54,1.0,108,1.0,0,0,0,0,0,1,0,ICMP/ping,0
12,993.8389485333835,417.7413313484684,82.81991237778196,78.0,120.0,8.0,34.81177761237237,0.2,0.028725910269074926,2.379077371456812,6,6,1.0,6,2.0,0,12,0,0,12,1,1,Tunnel keep-alive,0
1094,224642.00314558268,22.270409517219328,205.34003943837538,170.16573301509698,237.28314555818142,14.811991055418105,0.020653992231998413,0.00455651169576004,49.12347925861564,10087.01716831435,546,548,0.9963503649635036,5,218.8,1094,0,0,0,1094,1,2,VoIP,0
10685,13036828.163753405,93.40940212616651,1220.1055838795887,80.0,1420.0,306.91665143252465,0.008742105954718438,0.03703483949719215,114.38891328699385,139566.55183537927,1697,8988,0.18880729862038273,54,197.87037037037038,10685,0,0,10685,0,2,2,Video streaming,0
1054,649237.4717663669,52.38325389747914,615.9748308978812,60.0,1420.0,480.2959459735139,0.04969948187616617,0.2310861015823849,20.120934107354525,12393.988984285115,434,620,0.7,23,45.82608695652174,1054,0,0,1054,0,4,2,Web browsing,0
22185,31606449.317784455,72.65405306241327,1424.676552525781,70.0,1420.0,165.95107686407704,0.00327491787524964,0.008166173054872317,305.35116851556836,435026.6500704788,19460,2725,7.141284403669725,10,2218.5,22185,0,0,22185,0,1,2,File transfer,0
258,33404.94418728476,118.24949189753562,129.47652785769287,70.0,350.0,49.929313253275836,0.45833136394393653,1.0626046904271802,2.1818275568030314,282.49545643908965,130,128,1.015625,14,18.428571428571427,258,0,0,0,258,2,2,Messaging,0
158,15484.0,79.0,98.0,98.0,98.0,0.0,0.5089828185602804,0.005,2.0,196.0,79,79,1.0,158,1.0,0,0,0,0,0,1,0,ICMP/ping,0
12,949.6399023980462,202.90291453969297,79.13665853317052,78.0,120.0,8.0,16.90857621164108,0.2,0.059141585162654206,4.680267430127389,6,6,1.0,6,2.0,0,12,0,0,12,1,1,Tunnel keep-alive,0
1198,236787.56865588835,24.236790483407226,197.6523945374694,157.98628140110006,233.38656135161557,16.604938473434984,0.023924947492674306,0.003991354297648287,49.428986928783495,9769.757626035334,594,604,0.9834437086092715,8,149.75,1198,0,0,0,1198,1,2,VoIP,0
9960,12301311.514481591,61.038914461086755,1235.0714371969468,80.0,1420.0,333.2696164884381,0.006128405066374172,0.06770288243154884,163.17459260107998,201532.27859784215,1623,8337,0.19467434328895286,20,498.0,9960,0,0,9960,0,2,2,Video streaming,0
1340,847358.6985964556,54.38555528267162,632.357237758549,60.0,1420.0,483.2177283401054,0.04058623528557583,0.13132265459043696,24.638895255096386,15580.583744934971,583,757,0.7701453104359313,15,89.33333333333333,1340,0,0,1340,0,4,2,Web browsing,0
6172,8492212.365600422,84.28740977115532,1375.9255290992257,70.0,1420.0,157.67023988577563,0.013656417655728342,0.0016053032257063106,73.2256456421819,100753.03522385155,5304,868,6.110599078341014,8,771.5,6172,0,0,6172,0,1,2,File transfer,0
159,24822.397279112844,65.52867240240485,156.1157061579424,70.0,350.0,49.92735648195385,0.41213001510946445,2.516662632567041,2.4264187594645183,378.8020780686819,90,69,1.3043478260869565,13,12.23076923076923,159,0,0,0,159,2,2,Messaging,0
172,14448.0,86.0,84.0,84.0,84.0,0.0,0.49902663181337314,0.005,2.0,168.0,86,86,1.0,172,1.0,0,0,0,0,0,1,0,ICMP/ping,0
54,4695.9536245838735,579.0260844834892,86.96210415896063,78.0,120.0,8.0,10.722705268212762,0.2,0.09326004725360486,8.110089943137575,27,27,1.0,27,2.0,0,54,0,0,54,1,1,Tunnel keep-alive,0
658,134895.19787003144,13.020426827141486,205.00789949852802,178.75233971432095,238.0947396083824,8.48027270463216,0.02429410034549355,0.0010575257842883401,50.535977716827105,10360.274640831143,331,327,1.0122324159021407,2,329.0,658,0,0,0,658,1,2,VoIP,0
4504,6151170.920296101,93.8532886951056,1365.7129041509993,80.0,1420.0,293.69210721717974,0.02083776391987247,0.07051032728078549,47.98979409908394,65540.28106866841,714,3790,0.18839050131926122,39,115.48717948717949,4504,0,0,4504,0,2,2,Video streaming,0
167,177421.78410287012,59.48735363861712,1062.4058928315576,60.0,1420.0,463.5095250602852,0.3562116984348331,0.16057345136278384,2.8073193676511004,2982.512639252691,67,100,0.67,18,9.277777777777779,167,0,0,167,0,4,2,Web browsing,0
7395,10209299.026336834,61.253603575502844,1380.567819653392,70.0,1420.0,137.14859436594344,0.008283110693103833,0.006566743528463671,120.72759100425371,166672.627084749,6753,642,10.518691588785046,9,821.6666666666666,7395,0,0,7395,0,1,2,File transfer,0
70,11477.004751983754,85.32009159617158,163.95721074262505,70.0,350.0,39.76590682551531,1.2188584513738796,2.65261324875828,0.8204398130667383,134.51702333262313,34,36,0.9444444444444444,8,8.75,70,0,0,0,70,2,2,Messaging,0
162,15876.0,81.0,98.0,98.0,98.0,0.0,0.49933856715126335,0.005,2.0,196.0,81,81,1.0,162,1.0,0,0,0,0,0,1,0,ICMP/ping,0
23,1965.7889178894227,255.71291421254773,85.46908338649664,78.0,120.0,8.0,11.117952791849902,0.2,0.08994461648848316,7.687483926820628,11,12,1.0,11,2.0,0,23,0,0,23,1,1,Tunnel keep-alive,0
893,204888.85541716,17.73312261842238,229.43880785796193,195.49609174012573,262.41158699333823,9.129323201777902,0.020011087015543542,0.001624826274746488,50.35774122896384,11554.020113993201,447,446,1.0022421524663676,4,223.25,893,0,0,0,893,1,2,VoIP,0
7336,9156675.409630308,29.729161131816507,1248.1836708874466,80.0,1420.0,300.16408874047295,0.004052502880563864,0.06861569558391055,246.7610830817868,308003.15451318683,858,6478,0.13244828650818155,34,215.76470588235293,7336,0,0,7336,0,2,2,Video streaming,0
533,553463.9284811569,47.85064225176827,1038.3938620659605,60.0,1420.0,441.4546137728924,0.08977606426222941,0.22490989240553044,11.13882645912247,11566.489025770688,226,307,0.7361563517915309,29,18.379310344827587,533,0,0,533,0,4,2,Web browsing,0
6627,9016644.275540292,96.48281322359422,1360.5921647110747,70.0,1420.0,140.188719989073,0.014559048321049376,0.0023832193855978408,68.68580816193916,93453.37241198242,6012,615,9.77560975609756,10,662.7,6627,0,0,6627,0,1,2,File transfer,0
45,9744.690336081996,135.89600295411668,216.54867413515547,70.0,350.0,23.79633765069385,3.0199111767581486,1.985206951424281,0.3311355670644235,71.70696800679377,24,21,1.1428571428571428,10,4.5,45,0,0,0,45,2,2,Messaging,0
167,14028.0,83.0,84.0,84.0,84.0,0.0,0.5093157126868106,0.005,2.0120481927710845,169.0120481927711,83,83,1.0,167,1.0,0,0,0,0,0,1,0,ICMP/ping,0
21,1986.866003667699,432.96707641992356,94.612666841319,78.0,120.0,8.0,20.61747982952017,0.2,0.048502533203316,4.58895401492535,10,11,1.0,10,2.0,0,21,0,0,21,1,1,Tunnel keep-alive,0
1970,412602.59921375447,39.11123183147293,209.44294376332715,183.7125527847847,245.49575001038573,19.95856849855404,0.017587052721020024,0.0011201040213175712,50.36916271235249,10549.465713369116,989,981,1.0081549439347604,1,1970.0,1970,0,0,0,1970,1,2,VoIP,0
4294,5905966.4179584915,117.07208810813033,1375.3997247225177,80.0,1420.0,209.35911028974158,0.027264109946001473,0.0334695335054807,36.67825584552629,50447.26299323894,458,3836,0.11939520333680918,26,165.15384615384616,4294,0,0,4294,0,2,2,Video streaming,0
1044,841032.1627784796,41.81197350390335,805.5863628146357,60.0,1420.0,483.7839654884844,0.040049783049715855,0.126512865880697,24.968924270042827,20114.62488609788,399,645,0.6186046511627907,9,116.0,1044,0,0,1044,0,4,2,Web browsing,0
24449,33913676.779020414,47.45962529608144,1387.1191778404193,70.0,1420.0,105.52225207430284,0.0019411683625539466,0.009481451086020491,515.1536668794278,714579.5308632691,20964,3485,6.015494978479197,19,1286.7894736842106,24449,0,0,24449,0,1,2,File transfer,0
103,11143.841058343238,175.4230556450907,108.19263163440037,70.0,350.0,50.37170027673895,1.703136462573696,2.919403663173905,0.5871520115827061,63.525521302564904,50,53,0.9433962264150944,10,10.3,103,0,0,0,103,2,2,Messaging,0
160,15680.0,80.0,98.0,98.0,98.0,0.0,0.5054329666408229,0.005,2.0,196.0,80,80,1.0,160,1.0,0,0,0,0,0,1,0,ICMP/ping,0
34,2713.905966899862,185.55323579222886,79.82076373234888,78.0,120.0,8.0,5.457448111536143,0.2,0.18323582369682367,14.626023390606496,17,17,1.0,17,2.0,0,34,0,0,34,1,1,Tunnel keep-alive,0
1283,229368.78934574546,25.98661834550249,178.7753619218593,152.72578133850075,218.28282746478772,7.551731259639222,0.016100317162111025,0.004592952255812941,49.371564354468966,8826.419286118557,637,646,0.9860681114551083,6,213.83333333333334,1283,0,0,0,1283,1,2,VoIP,0
3430,4256259.603151384,118.54020116509335,1240.8920125805785,80.0,1420.0,324.3971351188639,0.03455982541256366,0.059467287357438996,28.935331358371574,35905.62156397562,554,2876,0.1926286509040334,19,180.52631578947367,3430,0,0,3430,0,2,2,Video streaming,0
2339,1839829.4585009275,36.93844965048567,786.588054083338,60.0,1420.0,425.82631405847957,0.015792411137445776,0.0860196965032999,63.32155307360731,49807.97721370358,920,1419,0.6483439041578577,23,101.69565217391305,2339,0,0,2339,0,4,2,Web browsing,0
16139,22394186.019382987,53.90508866896113,1387.5820075210972,70.0,1420.0,130.64634680428202,0.00334005134574392,0.00840143090066819,299.39659498775546,415437.3283180906,13810,2329,5.929583512237012,12,1344.9166666666667,16139,0,0,16139,0,1,2,File transfer,0
245,29197.53165087035,87.93334210234445,119.17359857498103,70.0,350.0,49.000243051964745,0.35891160041773246,1.9357189377255275,2.7862013900807696,332.04164601053975,130,115,1.1304347826086956,10,24.5,245,0,0,0,245,2,2,Messaging,0
154,12936.0,77.0,84.0,84.0,84.0,0.0,0.5017396114968571,0.005,2.0,168.0,77,77,1.0,154,1.0,0,0,0,0,0,1,0,ICMP/ping,0
37,3019.542780435041,540.3404279636321,81.60926433608219,78.0,120.0,8.0,14.603795350368436,0.2,0.06847535014072703,5.588222950140375,18,19,1.0,18,2.0,0,37,0,0,37,1,1,Tunnel keep-alive,0
859,139027.02591261873,16.69582317199682,161.8475272556679,128.72642681615383,193.03910434497473,15.305587258737209,0.025961392912010314,0.0036323303389967617,51.44999387875426,8327.054286595627,432,427,1.0117096018735363,3,286.3333333333333,859,0,0,0,859,1,2,VoIP,0
5143,6366555.761256421,54.74852810468959,1237.907011716201,80.0,1420.0,314.36704380123024,0.010645251430038808,0.018820141950479603,93.93859849831226,116287.24975185371,615,4528,0.13582155477031801,31,165.90322580645162,5143,0,0,5143,0,2,2,Video streaming,0
2132,1245695.4011112407,14.652039505974656,584.2848973317264,60.0,1420.0,435.1590976896582,0.00687243879267104,0.19482861666548446,145.50875317600907,85018.56691031197,796,1336,0.5958083832335329,38,56.10526315789474,2132,0,0,2132,0,4,2,Web browsing,0
22789,30243275.72515879,30.684405321785658,1327.0997290429061,70.0,1420.0,166.16672596291892,0.0013464568573340497,0.002271011890358345,742.6899677869922,985623.655013002,20671,2118,9.759678942398489,16,1424.3125,22789,0,0,22789,0,1,2,File transfer,0
72,11634.825284225391,57.369320729556186,161.59479561424155,70.0,350.0,28.748392012943327,0.7967961212438359,0.9570944496720428,1.2550261896844495,202.80570061257896,40,32,1.25,8,9.0,72,0,0,0,72,2,2,Messaging,0
105,8820.0,52.0,84.0,84.0,84.0,0.0,0.5156094979909907,0.005,2.019230769230769,169.6153846153846,52,52,1.0,105,1.0,0,0,0,0,0,1,0,ICMP/ping,0
11,1235.8535971502502,262.25605142497386,112.35032701365911,78.0,120.0,8.0,23.84145922045217,0.2,0.04194374139407371,4.712393061800531,5,6,1.0,5,2.0,0,11,0,0,11,1,1,Tunnel keep-alive,0
1834,358414.839497367,37.118894960041274,195.4279386572339,160.83866326060064,226.89240254622575,10.064739529988518,0.02221674641313105,0.004954086591981787,49.40879845626635,9655.859633838852,920,914,1.0065645514223194,5,366.8,1834,0,0,0,1834,1,2,VoIP,0
12001,16795580.186862394,67.41483038264204,1399.5150559838676,80.0,1420.0,293.5216745778945,0.0056174344123524735,0.052019702236962596,178.01720974276924,249137.76525924358,1264,10737,0.11772375896432896,27,444.48148148148147,12001,0,0,12001,0,2,2,Video streaming,0
436,385139.8665926923,13.362671208347049,883.3483178731476,60.0,1420.0,418.7485391881363,0.03064832845951158,0.13780484683719524,32.628206830955385,28822.07161934158,136,300,0.4533333333333333,33,13.212121212121213,436,0,0,436,0,4,2,Web browsing,0
7447,10204729.261718374,92.86656853083718,1370.3141213533468,70.0,1420.0,190.84345518793754,0.012470332822725552,0.0052126214881086114,80.1903216390208,109885.93013781705,6677,770,8.67142857142857,13,572.8461538461538,7447,0,0,7447,0,1,2,File transfer,0
208,25308.956994218428,36.26367468083738,121.67767785681936,70.0,350.0,39.49061416400203,0.1743445898117182,1.5749630353026494,5.735767316209471,697.9148477634094,108,100,1.08,9,23.11111111111111,208,0,0,0,208,2,2,Messaging,0
22,2156.0,11.0,98.0,98.0,98.0,0.0,0.5146152620627651,0.005,2.0,196.0,11,11,1.0,22,1.0,0,0,0,0,0,1,0,ICMP/ping,0
23,1915.4046537855422,152.1825161887393,83.27846320806705,78.0,120.0,8.0,6.616631138640839,0.2,0.15113431277135025,12.586233305605392,11,12,1.0,11,2.0,0,23,0,0,23,1,1,Tunnel keep-alive,0
805,162705.67996655614,15.804448372464275,202.11885710131196,169.81627429048797,240.3309714456004,12.647810143256866,0.013608300560578398,0.0030051025785029174,50.93502671074132,10294.929385199834,403,402,1.0024875621890548,4,201.25,805,0,0,0,805,1,2,VoIP,0
8069,11102710.37287609,70.62759581080093,1375.971046334873,80.0,1420.0,224.10193770677677,0.008752955237427305,0.011748016348193472,114.24712829834178,157200.74066542383,1169,6900,0.16942028985507246,23,350.82608695652175,8069,0,0,8069,0,2,2,Video streaming,0
1906,1512909.363002657,30.612539796925375,793.7614706204915,60.0,1420.0,466.0071571673375,0.016061143650013314,0.27874146626949214,62.26206687337431,49421.22976528098,625,1281,0.4879000780640125,34,56.05882352941177,1906,0,0,1906,0,4,2,Web browsing,0
17549,23733074.492612485,72.60621871186522,1352.3889961030534,70.0,1420.0,105.55250328091506,0.0041373422253043034,0.006116184086571459,241.70105965223834,326873.85342013487,16059,1490,10.777852348993289,5,3509.8,17549,0,0,17549,0,1,2,File transfer,0
240,36375.99682091933,155.60387846963752,151.5666534204972,70.0,350.0,53.4026378182008,0.6483494936234897,2.818387951465743,1.542378007286177,233.77307287374114,113,127,0.889763779527559,8,30.0,240,0,0,0,240,2,2,Messaging,0
174,14616.0,87.0,84.0,84.0,84.0,0.0,0.5009806753953895,0.005,2.0,168.0,87,87,1.0,174,1.0,0,0,0,0,0,1,0,ICMP/ping,0
46,4828.101019656987,212.71261056206984,104.95871781863015,78.0,120.0,8.0,4.6241871861319535,0.2,0.21625422149843407,22.697765811341686,23,23,1.0,23,2.0,0,46,0,0,46,1,1,Tunnel keep-alive,0
1594,330884.2161777351,31.72508374551323,207.58106410146496,182.27113595288353,239.81033632597817,15.177499524389567,0.020587535741032056,0.0022701988010303538,50.24415420890524,10429.73499556265,793,801,0.9900124843945068,6,265.6666666666667,1594,0,0,0,1594,1,2,VoIP,0
12382,13675425.459873537,75.95903253059136,1104.4601405163573,80.0,1420.0,336.93965071620346,0.006134633543094117,0.03378391696091907,163.0089218818491,180036.85676704696,1802,10580,0.17032136105860113,46,269.17391304347825,12382,0,0,12382,0,2,2,Video streaming,0
1076,894309.7764072261,43.84353894053942,831.1429148766042,60.0,1420.0,443.4034311424696,0.040746783401988305,0.29752721152171646,24.54181450679131,20397.75524553546,373,703,0.5305832147937412,10,107.6,1076,0,0,1076,0,4,2,Web browsing,0
24253,32518797.718188122,17.10454626519,1340.815475124237,70.0,1420.0,134.33867021776442,0.0007052548660037933,0.008511146112300649,1417.9271185554944,1901178.6231575257,22883,1370,16.702919708029196,12,2021.0833333333333,24253,0,0,24253,0,1,2,File transfer,0
227,29552.726473104547,86.97833141585585,130.18822234847818,70.0,350.0,27.939642984213965,0.3831644555764575,0.9122119414128461,2.609845421323163,339.7711360063777,101,126,0.8015873015873016,10,22.7,227,0,0,0,227,2,2,Messaging,0
85,7140.0,42.0,84.0,84.0,84.0,0.0,0.500852094496339,0.005,2.0238095238095237,170.0,42,42,1.0,85,1.0,0,0,0,0,0,1,0,ICMP/ping,0
29,1800.5705684387904,314.3185363147561,62.08864029099277,78.0,120.0,8.0,10.83857021775021,0.2,0.09226309189401298,5.728489924742183,14,15,1.0,14,2.0,0,29,0,0,29,1,1,Tunnel keep-alive,0
1201,216535.22314338564,24.42476634168012,180.295772808814,156.75192278859018,206.1811075415563,6.721953908769201,0.022561425686927206,0.004766131641137764,49.17140181400754,8865.395890149208,595,606,0.9818481848184818,3,400.3333333333333,1201,0,0,0,1201,1,2,VoIP,0
13747,18519511.397782966,105.14588656267222,1347.1674836533764,80.0,1420.0,328.4198748520615,0.007648642362891701,0.03497380981362908,130.74215691553562,176131.58253931702,2415,11332,0.21311330744793505,18,763.7222222222222,13747,0,0,13747,0,2,2,Video streaming,0
186,130895.67798387648,21.437142439246692,703.7402042143897,60.0,1420.0,366.05857678312793,0.11525345397444459,0.1600145116273497,8.676529557385173,6106.022682586429,76,110,0.6909090909090909,10,18.6,186,0,0,186,0,4,2,Web browsing,0
15272,21037415.865718517,87.6821983962165,1377.5154443241565,70.0,1420.0,148.58174289126316,0.005741369722119991,0.002052311819728523,174.17446504921332,239928.01561218934,14022,1250,11.2176,14,1090.857142857143,15272,0,0,15272,0,1,2,File transfer,0
269,40422.96089980979,33.3052078733886,150.27123011081707,70.0,350.0,49.35532523210165,0.12381118168545949,2.0805953771696526,8.076814924038812,1213.7129140127176,138,131,1.0534351145038168,12,22.416666666666668,269,0,0,0,269,2,2,Messaging,0
142,13916.0,71.0,98.0,98.0,98.0,0.0,0.4972268394343402,0.005,2.0,196.0,71,71,1.0,142,1.0,0,0,0,0,0,1,0,ICMP/ping,0
52,5155.884448395555,68.19551643488653,99.15162400760684,78.0,120.0,8.0,1.3114522391324333,0.2,0.7625134718299245,75.60444905961558,26,26,1.0,26,2.0,0,52,0,0,52,1,1,Tunnel keep-alive,0
290,59148.487353801465,6.231554914309481,203.96030122000505,170.8196912553229,241.92803055168577,10.992781768804022,0.023817060500320304,0.0023071788234311098,46.537341640699466,9491.770219015349,140,150,0.9333333333333333,8,36.25,290,0,0,0,290,1,2,VoIP,0
7646,9639254.84007103,37.93315491160658,1260.6924980474796,80.0,1420.0,211.34916558561662,0.00496117642056063,0.0353078979127827,201.56509570103063,254111.60401851163,835,6811,0.12259580091029218,52,147.03846153846155,7646,0,0,7646,0,2,2,Video streaming,0
684,574702.4326252637,54.26338797596548,840.2082348322568,60.0,1420.0,467.5250121267885,0.07933243856135304,0.22492630152486903,12.605184186121212,10590.979554756383,268,416,0.6442307692307693,18,38.0,684,0,0,684,0,4,2,Web browsing,0
20395,28528314.835269757,30.07558553884812,1398.7896462500494,70.0,1420.0,174.81608263876853,0.0014746548437777945,0.006051301102674317,678.1247857554137,948553.9291802057,17837,2558,6.973025801407349,16,1274.6875,20395,0,0,20395,0,1,2,File transfer,0
113,16886.760980379255,54.14404262157038,149.44036265822348,70.0,350.0,58.78894531191908,0.47915081965991485,1.5780846744788946,2.087025543877325,311.8858541540036,53,60,0.8833333333333333,9,12.555555555555555,113,0,0,0,113,2,2,Messaging,0
40,3920.0,20.0,98.0,98.0,98.0,0.0,0.5002332950864717,0.005,2.0,196.0,20,20,1.0,40,1.0,0,0,0,0,0,1,0,ICMP/ping,0
27,2357.748178066351,182.32167805949706,87.32400659505004,78.0,120.0,8.0,6.752654742944336,0.2,0.14808990509175265,12.931803848892542,13,14,1.0,13,2.0,0,27,0,0,27,1,1,Tunnel keep-alive,0
310,63934.29128866278,6.274436755872206,206.23964931826703,168.2847779880725,241.14323922565933,6.146597915591715,0.017606019793455573,0.0045835367247706385,49.40682519588279,10189.646302327787,157,153,1.026143790849673,1,310.0,310,0,0,0,310,1,2,VoIP,0
5624,7325952.290321936,71.30416328457393,1302.6230957186942,80.0,1420.0,253.75019850075105,0.012678549659419263,0.07390247113156027,78.87337486248445,102742.27973315053,880,4744,0.18549747048903878,28,200.85714285714286,5624,0,0,5624,0,2,2,Video streaming,0
1362,1069326.2361063499,12.677937704789006,785.1147107976137,60.0,1420.0,436.4708656336631,0.009308324306012486,0.24047090296561097,107.43072191351071,84345.44016590483,568,794,0.7153652392947103,38,35.8421052631579,1362,0,0,1362,0,4,2,Web browsing,0
11460,15880577.782640448,28.382208302095073,1385.739771609114,70.0,1420.0,160.16821640182962,0.002476632487093811,0.009433980504277094,403.7740783952341,559525.7991770923,10098,1362,7.41409691629956,10,1146.0,11460,0,0,11460,0,1,2,File transfer,0
217,26263.227189120815,121.20722622863673,121.02869672405905,70.0,350.0,44.769561282143265,0.5585586462149158,1.3302744582703114,1.7903222996842332,216.68037464680302,127,90,1.4111111111111112,9,24.11111111111111,217,0,0,0,217,2,2,Messaging,0
137,13426.0,68.0,98.0,98.0,98.0,0.0,0.5026667276378332,0.005,2.014705882352941,197.44117647058823,68,68,1.0,137,1.0,0,0,0,0,0,1,0,ICMP/ping,0
48,3980.636083976324,83.78180486977077,82.92991841617341,78.0,120.0,8.0,1.7454542681202243,0.2,0.5729167576970979,47.511939975078924,24,24,1.0,24,2.0,0,48,0,0,48,1,1,Tunnel keep-alive,0
618,130224.43275920145,11.93680304831442,210.71914685954926,182.6549917368842,247.3920270690527,17.220065070649838,0.013850176164267567,0.003447324080412886,51.772656170888816,10909.48993898247,304,314,0.9681528662420382,7,88.28571428571429,618,0,0,0,618,1,2,VoIP,0
2073,2476109.4678973416,21.646175003444224,1194.4570515664939,80.0,1420.0,301.373438765611,0.010441956103928713,0.05607118770083015,95.7674970136828,114390.16211886656,221,1852,0.1193304535637149,18,115.16666666666667,2073,0,0,2073,0,2,2,Video streaming,0
907,549248.8266009709,13.624698792424313,605.5665122392182,60.0,1420.0,474.0953224605869,0.015021718624503102,0.060478804179064385,66.57027900714515,40312.73167714853,329,578,0.5692041522491349,35,25.914285714285715,907,0,0,907,0,4,2,Web browsing,0
18223,24502024.226673968,89.13971941106266,1344.565890724577,70.0,1420.0,150.24272871663766,0.004891605082097496,0.007583377237328043,204.43187526724972,274872.12646120525,17235,988,17.444331983805668,17,1071.9411764705883,18223,0,0,18223,0,1,2,File transfer,0
283,41895.27197022511,18.536453387377392,148.03983028348097,70.0,350.0,38.58452675235883,0.06549983529108619,1.4490419111291757,15.267213964064563,2260.1557641417085,131,152,0.8618421052631579,5,56.6,283,0,0,0,283,2,2,Messaging,0
39,3822.0,19.0,98.0,98.0,98.0,0.0,0.49780576074076494,0.005,2.0526315789473686,201.1578947368421,19,19,1.0,39,1.0,0,0,0,0,0,1,0,ICMP/ping,0
58,5284.426573699117,291.3672680783495,91.11080299481237,78.0,120.0,8.0,5.023573587557751,0.2,0.1990614813480134,18.136651410954368,29,29,1.0,29,2.0,0,58,0,0,58,1,1,Tunnel keep-alive,0
771,157696.2302440325,15.363903832319911,204.53466957721463,184.37348751037223,243.39816603644033,8.557166989665667,0.02225848164142542,0.0014304567390394354,50.18255831425501,10264.072983345453,386,385,1.0025974025974025,6,128.5,771,0,0,0,771,1,2,VoIP,0
9479,12364873.482424023,57.71476226198193,1304.4491489000973,80.0,1420.0,241.15769078038812,0.0060886973585802225,0.07311081037009473,164.23874288821318,214241.0883769516,1151,8328,0.1382084534101825,17,557.5882352941177,9479,0,0,9479,0,2,2,Video streaming,0
910,570097.3360220072,58.809513288127114,626.4805890351727,60.0,1420.0,494.86208147296213,0.06462583877816166,0.14878882436807628,15.473686978867029,9693.964533066497,372,538,0.6914498141263941,12,75.83333333333333,910,0,0,910,0,4,2,Web browsing,0
19109,25947046.650984187,83.8384138233118,1357.8442959330257,70.0,1420.0,138.22522519774583,0.004387378398833628,0.006574091087232203,227.92654498774192,309488.7590033275,17110,1999,8.55927963981991,14,1364.9285714285713,19109,0,0,19109,0,1,2,File transfer,0
22,2984.6963895243566,179.59587978273552,135.66801770565257,70.0,350.0,27.645283537955873,8.163449081033432,1.6491270491489312,0.1224972422898248,16.618958035869564,10,12,0.8333333333333334,13,1.6923076923076923,22,0,0,0,22,2,2,Messaging,0
82,6888.0,41.0,84.0,84.0,84.0,0.0,0.4989528674137466,0.005,2.0,168.0,41,41,1.0,82,1.0,0,0,0,0,0,1,0,ICMP/ping,0
28,1819.0255636667596,285.2844460248713,64.96519870238427,78.0,120.0,8.0,10.188730215173974,0.2,0.09814765715463837,6.376182049224568,14,14,1.0,14,2.0,0,28,0,0,28,1,1,Tunnel keep-alive,0
1123,195142.37234748254,22.090501264117187,173.76880885795418,137.82458740637892,208.25345981019316,15.35608582866608,0.025943242681787652,0.0023621793419195875,50.8363294509822,8833.768415407712,564,559,1.0089445438282647,9,124.77777777777777,1123,0,0,0,1123,1,2,VoIP,0
10549,13013921.402895821,27.558739157538394,1233.6639873822942,80.0,1420.0,235.24914163020372,0.00261245038937704,0.06811056880985428,382.78238854459477,472224.8477516434,2055,8494,0.24193548387096775,21,502.3333333333333,10549,0,0,10549,0,2,2,Video streaming,0
2650,2101458.4908263157,19.548369219386103,793.0032040854022,60.0,1420.0,391.98389783696405,0.007376743101655133,0.11942977183771096,135.56118007900102,107500.45015224599,809,1841,0.43943508962520367,25,106.0,2650,0,0,2650,0,4,2,Web browsing,0
8197,11354911.328923944,29.232832741329556,1385.2520835578803,70.0,1420.0,185.79550909150572,0.0035662843407746193,0.007580416100094255,280.4038894393916,388430.07208365074,7743,454,17.055066079295155,13,630.5384615384615,8197,0,0,8197,0,1,2,File transfer,0
258,35953.45335643808,16.843860511569456,139.35447037379103,70.0,350.0,43.53408883932613,0.06528628105259479,1.4942110360826368,15.317153678801178,2134.513838543303,153,105,1.457142857142857,4,64.5,258,0,0,0,258,2,2,Messaging,0
68,5712.0,34.0,84.0,84.0,84.0,0.0,0.48980493797615815,0.005,2.0,168.0,34,34,1.0,68,1.0,0,0,0,0,0,1,0,ICMP/ping,0
12,1216.1313339877568,131.26127259693934,101.34427783231307,78.0,120.0,8.0,10.938439383078277,0.2,0.09142071962724371,9.264966809533384,6,6,1.0,6,2.0,0,12,0,0,12,1,1,Tunnel keep-alive,0
774,168850.92704088482,15.03057310382423,218.15365250760314,182.0406764003363,242.64002368467368,8.39118606515844,0.019192950360755533,0.004269221248852947,51.4950424480535,11233.831596076936,386,388,0.9948453608247423,4,193.5,774,0,0,0,774,1,2,VoIP,0
3843,4475759.349670649,15.561510675549286,1164.652445920023,80.0,1420.0,241.96189516536066,0.004049313212477045,0.03323988059664357,246.95545825369237,287617.27848846297,639,3204,0.199438202247191,51,75.3529411764706,3843,0,0,3843,0,2,2,Video streaming,0
2944,2716957.812857255,23.392064844381178,922.8796918672741,60.0,1420.0,409.18584729783856,0.007945674199857738,0.18248514673255822,125.85464428152673,116148.69533460078,954,1990,0.4793969849246231,17,173.1764705882353,2944,0,0,2944,0,4,2,Web browsing,0
5092,6985230.542416163,82.48890963699877,1371.8048983535277,70.0,1420.0,114.92494697414739,0.016199707312843436,0.00341356930970422,61.72951033548495,84680.84465118297,4512,580,7.779310344827586,10,509.2,5092,0,0,5092,0,1,2,File transfer,0
243,36789.617985662015,125.54852686166869,151.39760487926756,70.0,350.0,22.267217286633418,0.516660604369007,0.586681760565166,1.9355065811942274,293.0310606208656,116,127,0.9133858267716536,9,27.0,243,0,0,0,243,2,2,Messaging,0
43,3612.0,21.0,84.0,84.0,84.0,0.0,0.4870618059819558,0.005,2.0476190476190474,172.0,21,21,1.0,43,1.0,0,0,0,0,0,1,0,ICMP/ping,0
52,4142.257009795283,220.5350903119163,79.6587886499093,78.0,120.0,8.0,4.241059429075313,0.2,0.23579014081819458,18.78275699316891,26,26,1.0,26,2.0,0,52,0,0,52,1,1,Tunnel keep-alive,0
1966,418633.1612477875,38.93113714733201,212.93650114333036,177.1260909378969,235.75865302375738,13.183731826880997,0.02102152427822607,0.0014223661839065601,50.499423958766435,10753.170647533392,982,984,0.9979674796747967,4,491.5,1966,0,0,0,1966,1,2,VoIP,0
11070,15410705.524406837,91.17460421373514,1392.114320181286,80.0,1420.0,240.59659129726487,0.008236188275856832,0.015686074436467086,121.41538858835368,169024.10114422266,2205,8865,0.24873096446700507,56,197.67857142857142,11070,0,0,11070,0,2,2,Video streaming,0
1730,1181588.9298069025,59.36315466799146,682.9993813912731,60.0,1420.0,496.5919898849671,0.03431396223583321,0.2484545259770099,29.14265607472532,19904.41607113602,690,1040,0.6634615384615384,32,54.0625,1730,0,0,1730,0,4,2,Web browsing,0
12068,16673051.37342001,87.94913908400513,1381.591926866093,70.0,1420.0,161.9389969366502,0.007287797405038542,0.00470071428282542,137.21566948453219,189576.06119935578,10773,1295,8.31891891891892,16,754.25,12068,0,0,12068,0,1,2,File transfer,0
292,27550.3150361183,95.12085739223413,94.35039395930924,70.0,350.0,45.794448912599194,0.32575636093230864,0.558831236035247,3.069778889775225,289.63484761826345,141,151,0.9337748344370861,10,29.2,292,0,0,0,292,2,2,Messaging,0
138,11592.0,69.0,84.0,84.0,84.0,0.0,0.5146958253736089,0.005,2.0,168.0,69,69,1.0,138,1.0,0,0,0,0,0,1,0,ICMP/ping,0
31,2943.5824588351143,342.7442954624103,94.95427286564885,78.0,120.0,8.0,11.056267595561623,0.2,0.09044643604695633,8.58827556812815,15,16,1.0,15,2.0,0,31,0,0,31,1,1,Tunnel keep-alive,0
1107,205586.78649783228,21.680138859085368,185.71525428891803,150.4079870117572,210.7757811073231,17.98343574758305,0.017969014584624406,0.0014113703686299069,51.060558569074665,9482.724618789895,557,550,1.0127272727272727,8,138.375,1107,0,0,0,1107,1,2,VoIP,0
10009,12448709.069390483,84.12227880970052,1243.751530561543,80.0,1420.0,301.47256242809067,0.008404663683654763,0.05159692791160181,118.98156043349859,147983.49789776458,1604,8405,0.19083878643664484,30,333.6333333333333,10009,0,0,10009,0,2,2,Video streaming,0
2021,1874208.3467722237,36.64475452210042,927.3668217576565,60.0,1420.0,414.3593553953999,0.018131991351855725,0.11898067359513671,55.151140357104495,51145.33774927842,839,1182,0.7098138747884941,36,56.138888888888886,2021,0,0,2021,0,4,2,Web browsing,0
6873,9681025.344465427,72.31188755389728,1408.5589036032923,70.0,1420.0,174.7078267129029,0.010521153434293216,0.002968425000158853,95.04661311568235,133878.7531614318,5883,990,5.942424242424242,17,404.29411764705884,6873,0,0,6873,0,1,2,File transfer,0
41,4390.823207899049,30.741260308071137,107.09324897314752,70.0,350.0,48.0553314223876,0.7497868367822229,0.7836020427597918,1.333712397901768,142.83159388706764,24,17,1.411764705882353,12,3.4166666666666665,41,0,0,0,41,2,2,Messaging,0
98,9604.0,49.0,98.0,98.0,98.0,0.0,0.49000100073736297,0.005,2.0,196.0,49,49,1.0,98,1.0,0,0,0,0,0,1,0,ICMP/ping,0
31,2778.4718010922593,67.3885039707678,89.62812261587933,78.0,120.0,8.0,2.1738227087344453,0.2,0.4600191156261218,41.23064970098642,15,16,1.0,15,2.0,0,31,0,0,31,1,1,Tunnel keep-alive,0
704,141601.26523797563,13.838591591134785,201.1381608493972,172.61019371336474,232.10106490395765,7.619707788444943,0.019181916253542618,0.0021837281177464647,50.872228966638,10232.346572658997,355,349,1.0171919770773639,2,352.0,704,0,0,0,704,1,2,VoIP,0
8452,10029142.957023915,98.6576790954342,1186.599971252238,80.0,1420.0,203.70262358368768,0.011672702211953882,0.03539275202794065,85.66996586068232,101655.97902746584,1307,7145,0.182925122463261,51,165.72549019607843,8452,0,0,8452,0,2,2,Video streaming,0
1851,1589242.7999581052,23.752721428955706,858.586061565697,60.0,1420.0,487.5902099866521,0.012832372462969047,0.15164763433986805,77.92791261987952,66907.81958233814,595,1256,0.4737261146496815,11,168.27272727272728,1851,0,0,1851,0,4,2,Web browsing,0
15731,21114709.704928022,75.41549479434138,1342.23569416617,70.0,1420.0,183.75308340760557,0.004794068704744859,0.006530371997604682,208.59108652536926,279978.4018192547,14285,1446,9.878976486860305,11,1430.090909090909,15731,0,0,15731,0,1,2,File transfer,0
142,22983.32805619605,23.883436896216363,161.8544229309581,70.0,350.0,56.971482831786446,0.16819321757898847,1.3145586519262118,5.945542955858911,962.3124241317668,60,82,0.7317073170731707,9,15.777777777777779,142,0,0,0,142,2,2,Messaging,0
149,14602.0,74.0,98.0,98.0,98.0,0.0,0.49916606378871115,0.005,2.0135135135135136,197.32432432432432,74,74,1.0,149,1.0,0,0,0,0,0,1,0,ICMP/ping,0
10,601.2188523959857,115.85442202466102,60.12188523959857,78.0,120.0,8.0,11.585442202466101,0.2,0.0863152206470926,5.18943379017513,5,5,1.0,5,2.0,0,10,0,0,10,1,1,Tunnel keep-alive,0
571,105548.95653003405,11.564902905292357,184.84931091074264,147.0253094494706,205.12199138885907,9.840898590899576,0.016811270952640643,0.0032174267248654765,49.373523035692564,9126.661710383449,285,286,0.9965034965034965,7,81.57142857142857,571,0,0,0,571,1,2,VoIP,0
14087,18121063.606983297,103.62658089685799,1286.367828990083,80.0,1420.0,277.16919916098414,0.007356185198896713,0.01595394698424688,135.94002502139028,174868.87485962338,2181,11906,0.1831849487653284,36,391.30555555555554,14087,0,0,14087,0,2,2,Video streaming,0
2085,1848325.2543332,38.39244044859673,886.4869325339089,60.0,1420.0,408.308952181482,0.01841364050292409,0.11007478086259169,54.30756616765706,48142.94774534859,655,1430,0.458041958041958,27,77.22222222222223,2085,0,0,2085,0,4,2,Web browsing,0
16166,22084846.378742553,17.29347494185511,1366.1293071101418,70.0,1420.0,106.58117606905765,0.0010697435940773914,0.009021863857242688,934.8034477948501,1277062.38642015,14490,1676,8.645584725536994,19,850.8421052631579,16166,0,0,16166,0,1,2,File transfer,0
77,10426.094754610382,90.99841611069792,135.40382798195301,70.0,350.0,32.73216378769389,1.1817976118272457,1.72258943826905,0.8461685740368371,114.57446404261836,44,33,1.3333333333333333,10,7.7,77,0,0,0,77,2,2,Messaging,0
38,3724.0,19.0,98.0,98.0,98.0,0.0,0.5033855287628591,0.005,2.0,196.0,19,19,1.0,38,1.0,0,0,0,0,0,1,0,ICMP/ping,0
40,3304.82976938544,419.97322583486107,82.620744234636,78.0,120.0,8.0,10.499330645871527,0.2,0.09524416686440988,7.869143950345402,20,20,1.0,20,2.0,0,40,0,0,40,1,1,Tunnel keep-alive,0
1587,342055.42511668906,31.933422128056307,215.53586963874548,178.0786812074322,245.53504947804126,15.953737842943568,0.022459184995073034,0.003476690941463347,49.697147823241956,10711.51797464774,796,791,1.0063211125158027,6,264.5,1587,0,0,0,1587,1,2,VoIP,0
2499,3407686.5828934256,58.733707697138136,1363.6200811898461,80.0,1420.0,229.43685750592485,0.023502884232548274,0.018788485292893398,42.547969436667564,58019.26553769172,490,2009,0.24390243902439024,40,62.475,2499,0,0,2499,0,2,2,Video streaming,0
398,343064.9923041453,20.281483976361102,861.972342472727,60.0,1420.0,465.72680929977315,0.050958502453168596,0.21297521639061517,19.623810588213626,16915.1819809636,169,229,0.7379912663755459,26,15.307692307692308,398,0,0,398,0,4,2,Web browsing,0
6875,9634665.913637888,52.67478666447878,1401.4059510746017,70.0,1420.0,152.32130549708748,0.007661787151196913,0.0034460786447211627,130.51785181004166,182908.49424806537,6118,757,8.081902245706738,8,859.375,6875,0,0,6875,0,1,2,File transfer,0
249,33741.94955128105,121.00144188343317,135.5098375553456,70.0,350.0,26.1567803913162,0.4859495657969204,2.94257919136294,2.057826717799564,278.85576424606893,126,123,1.024390243902439,6,41.5,249,0,0,0,249,2,2,Messaging,0
127,10668.0,63.0,84.0,84.0,84.0,0.0,0.513995946451458,0.005,2.015873015873016,169.33333333333334,63,63,1.0,127,1.0,0,0,0,0,0,1,0,ICMP/ping,0
9,707.2085026363397,162.5655136870829,78.57872251514885,78.0,120.0,8.0,18.06283485412032,0.2,0.05536229545784113,4.3502984525833845,4,5,1.0,4,2.0,0,9,0,0,9,1,1,Tunnel keep-alive,0
1889,390891.14713684627,38.05044722107399,206.93019964893926,176.3359203267719,241.57796858089037,18.861615738669194,0.01948931932522477,0.0049007199039020335,49.64462018080539,10272.971165509818,944,945,0.9989417989417989,6,314.8333333333333,1889,0,0,0,1889,1,2,VoIP,0
11355,15829682.790558977,84.32291924277803,1394.0715799699672,80.0,1420.0,268.12754941050594,0.007426060699496083,0.03885958094821659,134.66089767726487,187726.9303851187,2196,9159,0.2397641663937111,37,306.8918918918919,11355,0,0,11355,0,2,2,Video streaming,0
2576,1933325.5056837017,11.624603699811098,750.5145596598221,60.0,1420.0,437.6814669889187,0.004512656715765178,0.2923304530710447,221.5989522328284,166313.24005609917,918,1658,0.5536791314837153,29,88.82758620689656,2576,0,0,2576,0,4,2,Web browsing,0
15778,21468502.847141802,16.90505441675967,1360.6605936837243,70.0,1420.0,111.41399693096321,0.0010714320203295518,0.009469434340345393,933.3303289670392,1269945.7995153172,14788,990,14.937373737373738,18,876.5555555555555,15778,0,0,15778,0,1,2,File transfer,0
236,33029.78298046892,80.52036143862983,139.95670754435983,70.0,350.0,35.49097645699365,0.34118797219758407,2.1492256823261857,2.9309356761875938,410.2041072635176,115,121,0.9504132231404959,6,39.333333333333336,236,0,0,0,236,2,2,Messaging,0
175,17150.0,87.0,98.0,98.0,98.0,0.0,0.5040048138650632,0.005,2.0114942528735633,197.1264367816092,87,87,1.0,175,1.0,0,0,0,0,0,1,0,ICMP/ping,0
46,4292.28998565929,157.47984333190874,93.3106518621585,78.0,120.0,8.0,3.423474855041494,0.2,0.29210087479607894,27.256123036728866,23,23,1.0,23,2.0,0,46,0,0,46,1,1,Tunnel keep-alive,0
1664,287953.4191960678,33.381806733945446,173.0489298053292,146.28724161800397,195.58541025633758,10.876136758434173,0.024471138410578946,0.0016506432604219406,49.84751164795116,8626.05854413663,827,837,0.98805256869773,4,416.0,1664,0,0,0,1664,1,2,VoIP,0
13714,16709894.585929409,86.80182737441497,1218.4551980406452,80.0,1420.0,217.47167745100057,0.006329431775879755,0.02779828620114052,157.99206554541075,192506.25351298408,1776,11938,0.14876863796280784,57,240.59649122807016,13714,0,0,13714,0,2,2,Video streaming,0
1406,1108828.5610893483,37.60240174786016,788.6405128658239,60.0,1420.0,372.2540505934275,0.02674424021896171,0.09302150811315661,37.391228608954776,29488.23770684936,607,799,0.7596996245306633,10,140.6,1406,0,0,1406,0,4,2,Web browsing,0
10750,15385621.882837933,88.29440496079201,1431.2206402639938,70.0,1420.0,152.36634160546106,0.008213433019608559,0.0038721114083841634,121.75176903648246,174253.6448336683,9642,1108,8.702166064981949,13,826.9230769230769,10750,0,0,10750,0,1,2,File transfer,0
151,15315.880388685873,44.13106570863536,101.42967144825082,70.0,350.0,32.600414895069264,0.2922587133022209,2.4785243762674387,3.4216259583881525,347.0543967781166,88,63,1.3968253968253967,6,25.166666666666668,151,0,0,0,151,2,2,Messaging,0
27,2646.0,13.0,98.0,98.0,98.0,0.0,0.5019548173155329,0.005,2.076923076923077,203.53846153846155,13,13,1.0,27,1.0,0,0,0,0,0,1,0,ICMP/ping,0
6,546.0692879256417,234.47383889982214,91.01154798760695,78.0,120.0,8.0,39.07897314997036,0.2,0.025589208707259968,2.32891349622568,3,3,1.0,3,2.0,0,6,0,0,6,1,1,Tunnel keep-alive,0
798,178053.82355720253,15.785684802063955,223.12509217694551,187.09140631311942,252.51546548385818,11.339840506834374,0.015261755031520819,0.0049825513343792335,50.55213061746062,11279.44880376189,402,396,1.0151515151515151,1,798.0,798,0,0,0,798,1,2,VoIP,0
7089,8739370.638994372,99.06425398924783,1232.8072561707395,80.0,1420.0,219.82694866308077,0.013974362249858631,0.040789894779968444,71.5596162544102,88219.21416723049,1165,5924,0.19665766374071572,58,122.22413793103448,7089,0,0,7089,0,2,2,Video streaming,0
373,343650.1172896404,37.97036268122941,921.3139873716901,60.0,1420.0,485.36049141660123,0.10179721898452924,0.1458038414868129,9.823451072391046,9050.4828772553,124,249,0.4979919678714859,8,46.625,373,0,0,373,0,4,2,Web browsing,0
17966,25148361.702490687,83.84388260322473,1399.7752255644377,70.0,1420.0,135.31028889383896,0.004666808560793985,0.00819805028001205,214.27919893715665,299942.7140260255,16267,1699,9.57445556209535,16,1122.875,17966,0,0,17966,0,1,2,File transfer,0
153,26041.930402218877,89.23976975194313,170.20869543933907,70.0,350.0,37.815461039114886,0.5832664689669486,0.5364178868781972,1.7144822361743997,291.8197847731654,68,85,0.8,9,17.0,153,0,0,0,153,2,2,Messaging,0
165,16170.0,82.0,98.0,98.0,98.0,0.0,0.5057374442100442,0.005,2.0121951219512195,197.1951219512195,82,82,1.0,165,1.0,0,0,0,0,0,1,0,ICMP/ping,0
14,1109.317381684633,71.35139763215726,79.23695583461664,78.0,120.0,8.0,5.096528402296947,0.2,0.19621199394264366,15.547241098255324,7,7,1.0,7,2.0,0,14,0,0,14,1,1,Tunnel keep-alive,0
1885,416596.3041978366,37.25958709735315,221.00599692192924,190.53796950348908,245.54144942832215,14.997829650395524,0.02166267411183812,0.001320422906438409,50.59100615030452,11180.915749531503,939,946,0.992600422832981,3,628.3333333333334,1885,0,0,0,1885,1,2,VoIP,0
14065,17397576.64352275,32.2523344074024,1236.9411051207076,80.0,1420.0,259.6690161393647,0.0022930916748953004,0.04581952129802906,436.0924645743431,539420.695065401,2086,11979,0.17413807496452124,22,639.3181818181819,14065,0,0,14065,0,2,2,Video streaming,0
2667,2143461.0565671064,51.153063443891384,803.6974340334107,60.0,1420.0,371.7990038630756,0.019180001291297856,0.17642418594534348,52.13763986834084,41902.88737874359,824,1843,0.44709712425393383,20,133.35,2667,0,0,2667,0,4,2,Web browsing,0
13279,18520232.08052157,60.94165823990389,1394.7008118473957,70.0,1420.0,195.97910204048503,0.004589325870916777,0.0014382536355993679,217.8969260686291,303901.019686969,11417,1862,6.131578947368421,10,1327.9,13279,0,0,13279,0,1,2,File transfer,0
245,40569.125195635235,41.4970645567018,165.58826610463362,70.0,350.0,41.65080443766712,0.16937577370082368,2.11393045356857,5.9040320711174825,977.6384336824927,100,145,0.6896551724137931,13,18.846153846153847,245,0,0,0,245,2,2,Messaging,0
119,11662.0,59.0,98.0,98.0,98.0,0.0,0.4954545228125656,0.005,2.016949152542373,197.66101694915255,59,59,1.0,119,1.0,0,0,0,0,0,1,0,ICMP/ping,0
17,1526.828942836044,591.3770177107303,89.81346722564965,78.0,120.0,8.0,34.78688339474884,0.2,0.028746467128209368,2.5818198832726473,8,9,1.0,8,2.0,0,17,0,0,17,1,1,Tunnel keep-alive,0
1923,337363.2861559623,38.083283779298945,175.43592623814993,148.27313190756703,215.22603290583638,15.264713733880171,0.020358800788001313,0.004795922668188006,50.49459524405013,8858.566086660416,957,966,0.9906832298136646,2,961.5,1923,0,0,0,1923,1,2,VoIP,0
12707,16103392.288894173,28.685985384492398,1267.2851411736974,80.0,1420.0,314.89573622827686,0.0022574947182255763,0.038957507528968226,442.96892122344127,561367.9318682092,2100,10607,0.1979824644102951,42,302.54761904761904,12707,0,0,12707,0,2,2,Video streaming,0
2628,2022990.975816097,6.222016511406922,769.7834763379365,60.0,1420.0,498.280998056856,0.0023675861915551455,0.06035702220484694,422.37110672754494,325134.29884143115,1169,1459,0.8012337217272104,13,202.15384615384616,2628,0,0,2628,0,4,2,Web browsing,0
16287,22626518.108541522,96.68431243585599,1389.2379264776523,70.0,1420.0,116.95040918660587,0.005936287372496837,0.0014587738932019818,168.4554566264864,234024.70926762608,14849,1438,10.326147426981919,6,2714.5,16287,0,0,16287,0,1,2,File transfer,0
85,9731.85921206937,109.90849310888281,114.49246131846317,70.0,350.0,24.494579277959424,1.2930410953986213,1.329966178581757,0.7733706249233463,88.54510635887192,47,38,1.236842105263158,4,21.25,85,0,0,0,85,2,2,Messaging,0
120,10080.0,60.0,84.0,84.0,84.0,0.0,0.5099019475648985,0.005,2.0,168.0,60,60,1.0,120,1.0,0,0,0,0,0,1,0,ICMP/ping,0
44,4234.8927196982395,189.96207796886264,96.24756181132362,78.0,120.0,8.0,4.317319953837788,0.2,0.23162517735362,22.29335857440134,22,22,1.0,22,2.0,0,44,0,0,44,1,1,Tunnel keep-alive,0
949,188698.7612166411,19.441615807046166,198.83957978571246,166.2252308958739,233.6332377409746,14.184136485408086,0.025275253572137377,0.0010667032539593566,48.81281522166778,9705.91966683405,471,478,0.9853556485355649,2,474.5,949,0,0,0,949,1,2,VoIP,0
7219,10229057.504826015,90.39573803537765,1416.9632227214315,80.0,1420.0,324.89176599891965,0.012521919661362743,0.06629158954887189,79.8599597380879,113158.6259168848,1347,5872,0.22939373297002724,51,141.54901960784315,7219,0,0,7219,0,2,2,Video streaming,0
2557,1560495.213324296,53.957592939580266,610.2836188206086,60.0,1420.0,447.84126663485756,0.021101913546961386,0.16491114934643436,47.389067241439676,28920.77144863896,1026,1531,0.6701502286087524,37,69.10810810810811,2557,0,0,2557,0,4,2,Web browsing,0
19750,27550697.016312465,61.16970300441509,1394.9720008259476,70.0,1420.0,176.89200445711685,0.003097200152122283,0.00994673489181018,322.8722558710885,450397.75678367965,16809,2941,5.715402924175451,11,1795.4545454545455,19750,0,0,19750,0,1,2,File transfer,0
233,29415.476730549304,159.53225444099954,126.24668124699272,70.0,350.0,56.281678416600876,0.6846877873004272,2.978831939568466,1.4605196975146573,184.3857647070872,102,131,0.7786259541984732,9,25.88888888888889,233,0,0,0,233,2,2,Messaging,0
124,12152.0,62.0,98.0,98.0,98.0,0.0,0.5091970529322717,0.005,2.0,196.0,62,62,1.0,124,1.0,0,0,0,0,0,1,0,ICMP/ping,0
37,3795.411355239653,253.21807464122026,102.57868527674738,78.0,120.0,8.0,6.843731747060007,0.2,0.14611911117492138,14.988706318130319,18,19,1.0,18,2.0,0,37,0,0,37,1,1,Tunnel keep-alive,0
690,145693.28054076922,13.649854384180856,211.1496819431438,187.17340072439575,237.4498920868123,8.369036601123273,0.016335514810800304,0.001276614270874005,50.54998980792481,10673.614270172484,347,343,1.0116618075801749,3,230.0,690,0,0,0,690,1,2,VoIP,0
1681,2157969.822019477,62.03302536773228,1283.7417144672677,80.0,1420.0,249.5841503459436,0.036902454115248236,0.0621315709480447,27.098468759745607,34787.43474507352,237,1444,0.16412742382271467,35,48.02857142857143,1681,0,0,1681,0,2,2,Video streaming,0
395,318820.95343891555,38.55593571199291,807.1416542757356,60.0,1420.0,423.2266512966221,0.09760996382783015,0.08329553141688086,10.244855758412688,8269.049824661513,133,262,0.5076335877862596,28,14.107142857142858,395,0,0,395,0,4,2,Web browsing,0
3627,4840513.493679518,63.93693583057498,1334.5777484641626,70.0,1420.0,100.64643577897105,0.0176280495810794,0.005466152997107326,56.72777327976905,75707.62393909966,3186,441,7.224489795918367,10,362.7,3627,0,0,3627,0,1,2,File transfer,0
94,13440.95877280644,109.42072792198445,142.98892311496212,70.0,350.0,57.65896950024262,1.1640502970423878,0.9360231677787487,0.8590694083759045,122.83740958467821,46,48,0.9583333333333334,10,9.4,94,0,0,0,94,2,2,Messaging,0
28,2744.0,14.0,98.0,98.0,98.0,0.0,0.49110648006920793,0.005,2.0,196.0,14,14,1.0,28,1.0,0,0,0,0,0,1,0,ICMP/ping,0
29,3067.7023871505753,341.54359159582026,105.78284093622673,78.0,120.0,8.0,11.777365227442077,0.2,0.08490863454501102,8.981876582187107,14,15,1.0,14,2.0,0,29,0,0,29,1,1,Tunnel keep-alive,0
901,179609.8402282102,18.1620865073524,199.3449947038959,176.91108856936245,231.10686745600484,9.741165257648962,0.014633031761608985,0.003507873738114866,49.60883759887698,9889.273468414563,451,450,1.0022222222222221,3,300.3333333333333,901,0,0,0,901,1,2,VoIP,0
8192,10580356.93472756,92.48459244170957,1291.5474773837354,80.0,1420.0,227.11777258435694,0.011289623100794625,0.028815833052113875,88.57691625946437,114401.29274934159,981,7211,0.13604215781445014,32,256.0,8192,0,0,8192,0,2,2,Video streaming,0
444,408123.4610055737,35.532358271425366,919.1969842467876,60.0,1420.0,438.19874441957495,0.08002783394465172,0.1566249368104653,12.495652458763445,11485.966056291314,174,270,0.6444444444444445,23,19.304347826086957,444,0,0,444,0,4,2,Web browsing,0
19898,27700754.213471808,17.900941335234396,1392.1376124973267,70.0,1420.0,121.39946786983135,0.0008996352063139208,0.0035495596314331964,1111.5616563043418,1547446.7903511003,17709,2189,8.089995431703974,13,1530.6153846153845,19898,0,0,19898,0,1,2,File transfer,0
34,3660.5185185765185,75.86672030683158,107.6623093698976,70.0,350.0,54.53919579651252,2.231374126671517,1.2720056883740383,0.44815434043401503,48.24933124526933,15,19,0.7894736842105263,3,11.333333333333334,34,0,0,0,34,2,2,Messaging,0
25,2100.0,12.0,84.0,84.0,84.0,0.0,0.5230363875210479,0.005,2.0833333333333335,175.0,12,12,1.0,25,1.0,0,0,0,0,0,1,0,ICMP/ping,0
23,1775.7278286778635,538.3935575686094,77.20555776860276,78.0,120.0,8.0,23.408415546461278,0.2,0.04271967908358382,3.2981966513438015,11,12,1.0,11,2.0,0,23,0,0,23,1,1,Tunnel keep-alive,0
1828,383409.2177444403,36.99174040331651,209.74246047288858,188.75804218207335,234.3640775303785,18.460785761955723,0.01890824181953109,0.00202476605775742,49.41643675235431,10364.725032241671,911,917,0.9934569247546347,5,365.6,1828,0,0,0,1828,1,2,VoIP,0
12772,15946810.427684555,12.707978222536244,1248.575824278465,80.0,1420.0,253.48569889262285,0.0009949873334275168,0.0738208113838943,1005.0379199855898,1254866.0493771217,1328,11444,0.11604334148898986,21,608.1904761904761,12772,0,0,12772,0,2,2,Video streaming,0
1881,1234783.6357786437,27.587544815565558,656.450630398003,60.0,1420.0,381.45354161453014,0.01466642467600508,0.29414025583072606,68.18294315696751,44758.736017782525,746,1135,0.6572687224669603,30,62.7,1881,0,0,1881,0,4,2,Web browsing,0
13469,18542141.54139001,43.65524210311607,1376.6531696035347,70.0,1420.0,105.44660473668375,0.003241164310870597,0.0026421223658724107,308.5311030502473,424740.32093539776,12748,721,17.68099861303745,14,962.0714285714286,13469,0,0,13469,0,1,2,File transfer,0
239,28062.418278652553,45.15904183267737,117.41597606130775,70.0,350.0,40.178237666774216,0.18894996582710197,1.2804743414228235,5.292406355421344,621.4130579348654,116,123,0.943089430894309,8,29.875,239,0,0,0,239,2,2,Messaging,0
93,9114.0,46.0,98.0,98.0,98.0,0.0,0.4875582488732217,0.005,2.0217391304347827,198.1304347826087,46,46,1.0,93,1.0,0,0,0,0,0,1,0,ICMP/ping,0
24,2607.4349730538897,342.6398799364348,108.6431238772454,78.0,120.0,8.0,14.276661664018116,0.2,0.07004438597297076,7.609840902167053,12,12,1.0,12,2.0,0,24,0,0,24,1,1,Tunnel keep-alive,0
1541,302745.5537456184,31.103387219995838,196.46045019183543,161.4348717043601,234.40035597912367,17.691863157953474,0.022232557130945105,0.0017312535541569036,49.54444315342341,9733.52360642536,770,771,0.9987029831387808,4,385.25,1541,0,0,0,1541,1,2,VoIP,0
8686,11225427.838945262,12.812677899870813,1292.358719657525,80.0,1420.0,240.11229177081614,0.0014750953142839988,0.06686735069303057,677.9222944555235,876118.788489832,940,7746,0.12135295636457527,30,289.53333333333336,8686,0,0,8686,0,2,2,Video streaming,0
2742,2284740.0566679593,53.15187577177431,833.2385327016628,60.0,1420.0,395.36994761922045,0.01938434564980828,0.26467453031114346,51.58801942896073,42985.12561397211,1175,1567,0.7498404594767071,9,304.6666666666667,2742,0,0,2742,0,4,2,Web browsing,0
8691,12166918.152366934,23.202560261366337,1399.9445578606528,70.0,1420.0,168.2540478767157,0.0026697227317185983,0.003984551641970506,374.57073280275193,524378.2589210893,7822,869,9.001150747986191,12,724.25,8691,0,0,8691,0,1,2,File transfer,0
45,6459.486591331214,51.407091396987425,143.54414647402697,70.0,350.0,32.24188664915086,1.1423798088219428,0.6592119187562918,0.8753656115746923,125.65360956620384,19,26,0.7307692307692307,5,9.0,45,0,0,0,45,2,2,Messaging,0
99,9702.0,49.0,98.0,98.0,98.0,0.0,0.5119273516541641,0.005,2.020408163265306,198.0,49,49,1.0,99,1.0,0,0,0,0,0,1,0,ICMP/ping,0
35,2779.746145431889,569.5300377789956,79.42131844091112,78.0,120.0,8.0,16.272286793685588,0.2,0.06145417744161484,4.8807717961147485,17,18,1.0,17,2.0,0,35,0,0,35,1,1,Tunnel keep-alive,0
378,80231.64138724793,8.00574970222593,212.25301954298394,189.6192814742598,246.35383767005578,16.12966594270979,0.018721194329970724,0.003710892964805282,47.21606521059487,10021.752411887197,187,191,0.9790575916230366,3,126.0,378,0,0,0,378,1,2,VoIP,0
1378,1851397.6339519466,80.2185635162475,1343.5396472800774,80.0,1420.0,343.9208274433118,0.05821376162282112,0.025239875908470606,17.178068761115366,23079.416444261857,149,1229,0.12123677786818551,37,37.24324324324324,1378,0,0,1378,0,2,2,Video streaming,0
1246,958045.175601233,51.004320585842834,768.8966096318082,60.0,1420.0,432.3364447460108,0.040934446698108216,0.09729894809758872,24.429302962734685,18783.608223714986,508,738,0.6883468834688347,16,77.875,1246,0,0,1246,0,4,2,Web browsing,0
24202,34566790.199231565,64.38816840162877,1428.2617221399705,70.0,1420.0,182.956271568305,0.0026604482440140804,0.007384499396419477,375.87650962576197,536850.030950052,20826,3376,6.168838862559242,8,3025.25,24202,0,0,24202,0,1,2,File transfer,0
289,39363.86321740452,124.07220669059467,136.20713916056928,70.0,350.0,47.88096664017198,0.42931559408510267,1.407457101009679,2.3292887884286153,317.26576215065023,166,123,1.3495934959349594,10,28.9,289,0,0,0,289,2,2,Messaging,0
125,10500.0,62.0,84.0,84.0,84.0,0.0,0.4844748600771378,0.005,2.0161290322580645,169.3548387096774,62,62,1.0,125,1.0,0,0,0,0,0,1,0,ICMP/ping,0
55,5553.766844293335,85.48621891658466,100.97757898715156,78.0,120.0,8.0,1.5542948893924484,0.2,0.6433785550120966,64.96680885737342,27,28,1.0,27,2.0,0,55,0,0,55,1,1,Tunnel keep-alive,0
1805,350596.7556500961,35.9497960618076,194.23642972304495,160.33268039884365,226.8289966218168,17.95226912553673,0.021565426220056198,0.001529151790604153,50.2089079141564,9752.399013538874,904,901,1.0033296337402886,4,451.25,1805,0,0,0,1805,1,2,VoIP,0
14040,16525909.713846045,34.36689993244164,1177.059096427781,80.0,1420.0,225.11896167769828,0.0024477848954730513,0.042381548297360724,408.5326295825284,480867.0478376762,1450,12590,0.11517077045274027,39,360.0,14040,0,0,14040,0,2,2,Video streaming,0
649,540591.09793859,8.472145006438154,832.9600892736364,60.0,1420.0,409.5132584683294,0.013054152552292995,0.1685015664871113,76.60397685672422,63808.05540129257,238,411,0.5790754257907542,32,20.28125,649,0,0,649,0,4,2,Web browsing,0
13357,19126936.827680323,47.363108859347115,1431.9785002381016,70.0,1420.0,119.5712640099649,0.003545939122508581,0.008382279870504009,282.01273779696146,403836.1773185339,12219,1138,10.73725834797891,5,2671.4,13357,0,0,13357,0,1,2,File transfer,0
292,38091.89441640484,57.067894813642084,130.45169320686588,70.0,350.0,21.842522547279096,0.19543799593713043,2.8270601874752854,5.116712311774244,667.4837847233672,155,137,1.1313868613138687,8,36.5,292,0,0,0,292,2,2,Messaging,0
90,7560.0,45.0,84.0,84.0,84.0,0.0,0.4952653787682445,0.005,2.0,168.0,45,45,1.0,90,1.0,0,0,0,0,0,1,0,ICMP/ping,0
21,2074.960807217669,263.26407976117474,98.80765748655567,78.0,120.0,8.0,12.53638475053213,0.2,0.07976781344059762,7.881670788890041,10,11,1.0,10,2.0,0,21,0,0,21,1,1,Tunnel keep-alive,0
1388,248262.39376412056,27.46424210636843,178.86339608366035,158.85885531929523,217.1634268386109,17.658191168463937,0.01877409226238999,0.003969168925947788,50.53844175361932,9039.47732482861,695,693,1.002886002886003,6,231.33333333333334,1388,0,0,0,1388,1,2,VoIP,0
11490,15002886.915233279,17.436522441962147,1305.73428331012,80.0,1420.0,264.58037313695553,0.0015175389418591947,0.018339847039723373,658.9616730196472,860428.8478491466,1737,9753,0.178099046447247,32,359.0625,11490,0,0,11490,0,2,2,Video streaming,0
1806,1517341.9211491293,45.92157191912222,840.1671767160184,60.0,1420.0,456.6501442924717,0.02542722697625815,0.10862486941852344,39.32792203151833,33042.02921932845,744,1062,0.7005649717514124,35,51.6,1806,0,0,1806,0,4,2,Web browsing,0
20749,28774824.487356603,30.945551402399666,1386.8053635045835,70.0,1420.0,180.24017844513241,0.0014914237506578468,0.004071200047819486,670.5002515609085,929853.3450958404,18558,2191,8.470104974897307,11,1886.2727272727273,20749,0,0,20749,0,1,2,File transfer,0
208,26760.279077146766,96.51199191187963,128.65518787089792,70.0,350.0,54.45782744085297,0.4639999611148059,2.665089187614391,2.155172594405829,277.2741350274924,83,125,0.664,12,17.333333333333332,208,0,0,0,208,2,2,Messaging,0
107,10486.0,53.0,98.0,98.0,98.0,0.0,0.5064726748644048,0.005,2.018867924528302,197.8490566037736,53,53,1.0,107,1.0,0,0,0,0,0,1,0,ICMP/ping,0
11,807.5399891796961,194.2466376911854,73.41272628906329,78.0,120.0,8.0,17.65878524465322,0.2,0.05662903683042315,4.157291980845138,5,6,1.0,5,2.0,0,11,0,0,11,1,1,Tunnel keep-alive,0
392,84424.05381932906,8.226502526641902,215.3674842329823,190.02598408385563,246.06070269449276,17.881421447580557,0.019141629229871157,0.0023035253704631617,47.650869701977264,10262.447929228481,200,192,1.0416666666666667,3,130.66666666666666,392,0,0,0,392,1,2,VoIP,0
11930,15380726.728397613,12.010257669585686,1289.2478397650975,80.0,1420.0,227.73804462007166,0.0010067273821949443,0.039970862112108395,993.3175730451707,1280632.5352491958,1266,10664,0.1187171792948237,49,243.46938775510205,11930,0,0,11930,0,2,2,Video streaming,0
673,461699.1499712354,25.72767841909537,686.0314264059962,60.0,1420.0,481.38573874998417,0.03822834831960679,0.2763247497526289,26.158598107339987,17945.620372359645,251,422,0.5947867298578199,16,42.0625,673,0,0,673,0,4,2,Web browsing,0
4601,6249585.046255828,19.612063360212726,1358.3101600208277,70.0,1420.0,132.04012861402148,0.004262565390178815,0.0024785815894516837,234.60050661136015,318660.25167624385,4271,330,12.942424242424243,10,460.1,4601,0,0,4601,0,1,2,File transfer,0
75,8515.30552313285,58.213346980913165,113.53740697510469,70.0,350.0,33.05128606275786,0.7761779597455088,0.5518950803099105,1.2883643337771111,146.27754569626148,41,34,1.2058823529411764,3,25.0,75,0,0,0,75,2,2,Messaging,0
61,5124.0,30.0,84.0,84.0,84.0,0.0,0.4919527542758162,0.005,2.033333333333333,170.8,30,30,1.0,61,1.0,0,0,0,0,0,1,0,ICMP/ping,0
56,5199.644257908794,317.3242942494081,92.8507903197999,78.0,120.0,8.0,5.666505254453717,0.2,0.1764756150563926,16.38590033015883,28,28,1.0,28,2.0,0,56,0,0,56,1,1,Tunnel keep-alive,0
988,201411.68874067484,20.11964534535261,203.8579845553389,183.59340829723303,234.09359368672852,16.54163869132335,0.01927800447640936,0.004739182069971133,49.10623338737012,10010.697767453365,489,499,0.9799599198396793,9,109.77777777777777,988,0,0,0,988,1,2,VoIP,0
12962,15928503.477174954,107.70104846274344,1228.8615550975894,80.0,1420.0,243.34527873815878,0.008308983834496485,0.03639377517011892,120.35166031353806,147895.52845147124,1806,11156,0.16188598063822157,28,462.92857142857144,12962,0,0,12962,0,2,2,Video streaming,0
1139,812213.2078397594,13.793386985154276,713.093246566953,60.0,1420.0,453.6869995678984,0.01211008514938918,0.09189163482612663,82.57580253681692,58884.247118850406,394,745,0.5288590604026846,12,94.91666666666667,1139,0,0,1139,0,4,2,Web browsing,0
12891,18224153.08698982,81.67965053711296,1413.7113557512855,70.0,1420.0,115.57732605801702,0.006336176443806761,0.0059234081105402,157.82388777658502,223117.42235857475,11070,1821,6.079077429983526,6,2148.5,12891,0,0,12891,0,1,2,File transfer,0
64,11040.84297375361,41.61345628476101,172.51317146490015,70.0,350.0,58.03274639665726,0.6502102544493907,1.0247440739655769,1.5379640557142815,265.31905685029113,28,36,0.7777777777777778,13,4.923076923076923,64,0,0,0,64,2,2,Messaging,0
35,2940.0,17.0,84.0,84.0,84.0,0.0,0.5055730429378049,0.005,2.0588235294117645,172.94117647058823,17,17,1.0,35,1.0,0,0,0,0,0,1,0,ICMP/ping,0
7,634.6098376613479,472.2985555808346,90.65854823733542,78.0,120.0,8.0,67.47122222583351,0.2,0.014821133618313468,1.3436624570678652,3,4,1.0,3,2.0,0,7,0,0,7,1,1,Tunnel keep-alive,0
1832,354528.5959151842,36.648141718665194,193.5199759362359,163.95679746511902,228.87937549747255,14.428496009709248,0.027001269601116692,0.0035330528064376416,49.98889204433925,9673.849185499626,911,921,0.98914223669924,9,203.55555555555554,1832,0,0,0,1832,1,2,VoIP,0
3728,4855046.5128657855,110.94120056948768,1302.319343579878,80.0,1420.0,321.24023168244173,0.02975890573215871,0.014832585583796245,33.6033861258332,43762.33976145627,497,3231,0.15382234602290312,28,133.14285714285714,3728,0,0,3728,0,2,2,Video streaming,0
1303,1203213.6753512952,39.960492707393726,923.4180163862588,60.0,1420.0,403.3936660205961,0.03066806807935052,0.0871266954109202,32.60720556027857,30110.081078371426,507,796,0.6369346733668342,11,118.45454545454545,1303,0,0,1303,0,4,2,Web browsing,0
15204,21006704.256670438,44.39111450139759,1381.6564230906629,70.0,1420.0,123.7483305169384,0.002919699717271612,0.0036990783369508264,342.50097504358274,473218.6720837809,13900,1304,10.659509202453988,12,1267.0,15204,0,0,15204,0,1,2,File transfer,0
227,29866.457318035093,128.33357646639666,131.57029655522066,70.0,350.0,34.50007938126053,0.5653461518343466,2.5599941296999456,1.7688278177101884,232.7252005312533,100,127,0.7874015748031497,13,17.46153846153846,227,0,0,0,227,2,2,Messaging,0
195,19110.0,97.0,98.0,98.0,98.0,0.0,0.5033301204711625,0.005,2.0103092783505154,197.01030927835052,97,97,1.0,195,1.0,0,0,0,0,0,1,0,ICMP/ping,0
18,1233.9053310452641,245.18201788996578,68.55029616918134,78.0,120.0,8.0,13.62122321610921,0.2,0.07341484565184607,5.0326094126487835,9,9,1.0,9,2.0,0,18,0,0,18,1,1,Tunnel keep-alive,0
1438,290422.95476729184,28.672366487274683,201.96311179922938,164.89002082040713,236.46885348632048,10.40591060081167,0.01778410341907459,0.0013482848223092328,50.152818765001854,10129.019343282558,722,716,1.0083798882681565,8,179.75,1438,0,0,0,1438,1,2,VoIP,0
13653,17468145.185058717,42.77749590454281,1279.4364011615555,80.0,1420.0,218.48711871988272,0.003133193869811969,0.0315375362634564,319.16314200500227,408348.9417902946,2629,11024,0.23847968069666184,44,310.29545454545456,13653,0,0,13653,0,2,2,Video streaming,0
267,212031.86910268056,44.30826213796538,794.1268505718373,60.0,1420.0,386.0329149812578,0.16594854733320366,0.16094283477306126,6.025964168231775,4785.379946576641,91,176,0.5170454545454546,17,15.705882352941176,267,0,0,267,0,4,2,Web browsing,0
19296,26186195.427514028,27.59122003315599,1357.078950430868,70.0,1420.0,175.98236584283885,0.001429893243841003,0.0040494113418052665,699.3529092520106,949077.1120684926,18238,1058,17.238185255198488,8,2412.0,19296,0,0,19296,0,1,2,File transfer,0
66,6803.073869572362,159.7521772926079,103.07687681170246,70.0,350.0,21.98423633397931,2.4204875347364836,1.1426567304730217,0.41313990906748016,42.58517151294661,32,34,0.9411764705882353,7,9.428571428571429,66,0,0,0,66,2,2,Messaging,0
28,2744.0,14.0,98.0,98.0,98.0,0.0,0.4985688426303622,0.005,2.0,196.0,14,14,1.0,28,1.0,0,0,0,0,0,1,0,ICMP/ping,0
31,3095.9795594302004,201.34559407262051,99.87030836871614,78.0,120.0,8.0,6.49501916363292,0.2,0.1539641338703396,15.376445527353109,15,16,1.0,15,2.0,0,31,0,0,31,1,1,Tunnel keep-alive,0
1656,276648.1849238773,33.064852432827536,167.0580826835008,128.86711322325803,198.43719234913783,16.43261880772467,0.019513628073560427,0.0042472268734035454,50.08339303386352,8366.83561452144,825,831,0.9927797833935018,1,1656.0,1656,0,0,0,1656,1,2,VoIP,0
13854,15889149.058882141,101.62311315505272,1146.8997443974406,80.0,1420.0,281.6893173066124,0.007335290396640156,0.01287477209532838,136.32725439991282,156353.69322566487,2417,11437,0.2113316429133514,15,923.6,13854,0,0,13854,0,2,2,Video streaming,0
2708,2561483.7955863187,6.1012776352703195,945.895050068803,60.0,1420.0,359.3760412265616,0.002253056733851669,0.14686661595543915,443.84146434274186,419827.4441370887,1049,1659,0.6323086196503918,14,193.42857142857142,2708,0,0,2708,0,4,2,Web browsing,0
15147,22009698.25038732,65.72838855629394,1453.0731003094552,70.0,1420.0,121.91260646708008,0.004339366776014652,0.002015588684652593,230.44836991594818,334858.327335027,13778,1369,10.064280496712929,5,3029.4,15147,0,0,15147,0,1,2,File transfer,0
45,6011.764231342518,14.567501187639,133.5947606965004,70.0,350.0,35.219275419721434,0.3237222486142,0.7653139637274887,3.0890678792725255,412.683284106659,22,23,0.9565217391304348,12,3.75,45,0,0,0,45,2,2,Messaging,0
11,1078.0,5.0,98.0,98.0,98.0,0.0,0.49385991392928597,0.005,2.2,215.6,5,5,1.0,11,1.0,0,0,0,0,0,1,0,ICMP/ping,0
31,3142.3646960525057,343.5266437325077,101.36660309846792,78.0,120.0,8.0,11.081504636532506,0.2,0.09024045315139698,9.147368198023546,15,16,1.0,15,2.0,0,31,0,0,31,1,1,Tunnel keep-alive,0
980,212799.30169003012,19.71829079875479,217.1421445816634,186.92272972076213,245.71743040395705,5.806729462660669,0.02371508849753033,0.001088343381204719,49.70004804178499,10791.975017604893,491,489,1.0040899795501022,7,140.0,980,0,0,0,980,1,2,VoIP,0
7447,9814510.978946155,70.57265051602207,1317.914727936908,80.0,1420.0,290.0377115149374,0.009476655098163296,0.06118754125431626,105.52246437604482,139069.6099293872,1317,6130,0.21484502446982057,50,148.94,7447,0,0,7447,0,2,2,Video streaming,0
177,129833.90253677209,36.54598040146905,733.5248730891078,60.0,1420.0,401.2461669035903,0.20647446554502288,0.21211613922505929,4.843213892625113,3552.61785593124,54,123,0.43902439024390244,39,4.538461538461538,177,0,0,177,0,4,2,Web browsing,0
13619,19342250.196034096,20.74429102043771,1420.2401201287978,70.0,1420.0,159.7312378330712,0.0015231875336249145,0.00454271968249698,656.5179782033657,932413.1722302635,12220,1399,8.73481057898499,7,1945.5714285714287,13619,0,0,13619,0,1,2,File transfer,0
281,35479.02779272955,45.18891221165989,126.25988538337916,70.0,350.0,54.05622991565896,0.16081463420519534,0.7106609153896277,6.218339549397139,785.1268387818163,132,149,0.8859060402684564,7,40.142857142857146,281,0,0,0,281,2,2,Messaging,0
20,1680.0,10.0,84.0,84.0,84.0,0.0,0.4879182117635441,0.005,2.0,168.0,10,10,1.0,20,1.0,0,0,0,0,0,1,0,ICMP/ping,0
28,2505.557367385638,486.0723360559925,89.48419169234421,78.0,120.0,8.0,17.359726287714018,0.2,0.057604594878188205,5.1547006104396225,14,14,1.0,14,2.0,0,28,0,0,28,1,1,Tunnel keep-alive,0
1232,235669.619368803,24.775323346708323,191.29027546169073,170.4603289514926,217.73162616560532,13.396169920005125,0.018165844257834116,0.0044317396559893155,49.72689892919944,9512.272194022215,618,614,1.006514657980456,3,410.6666666666667,1232,0,0,0,1232,1,2,VoIP,0
5726,7481930.5959301945,114.84321258335515,1306.6592029217943,80.0,1420.0,279.13819599082484,0.020056446486789233,0.028123299235519775,49.859280937861016,65149.08828851929,602,5124,0.11748633879781421,31,184.70967741935485,5726,0,0,5726,0,2,2,Video streaming,0
1780,1495878.8273323928,48.55402280876511,840.3813636698836,60.0,1420.0,471.7358006527322,0.027277540903800624,0.17056850002038587,36.66019614915758,30808.54563223446,549,1231,0.44597887896019495,17,104.70588235294117,1780,0,0,1780,0,4,2,Web browsing,0
15708,22100948.700689565,73.66836476457391,1406.9868029468785,70.0,1420.0,158.2686146554583,0.004689862793772212,0.0021169663094239965,213.225854139683,300005.96282161004,13542,2166,6.252077562326869,14,1122.0,15708,0,0,15708,0,1,2,File transfer,0
281,41454.69081924902,42.64397275317857,147.52559010408905,70.0,350.0,46.66742607570052,0.1517579101536604,2.058448914899768,6.58944234924864,972.1113710297805,146,135,1.0814814814814815,11,25.545454545454547,281,0,0,0,281,2,2,Messaging,0
11,1078.0,5.0,98.0,98.0,98.0,0.0,0.49311411975363373,0.005,2.2,215.6,5,5,1.0,11,1.0,0,0,0,0,0,1,0,ICMP/ping,0
41,3600.9102362070794,166.68018906637826,87.82707893187998,78.0,120.0,8.0,4.065370465033616,0.2,0.2459800425572608,21.60370861334374,20,21,1.0,20,2.0,0,41,0,0,41,1,1,Tunnel keep-alive,0
411,78778.35028359268,7.9774789761437255,191.6748182082547,161.54110239117463,228.79483970611776,16.249305227036118,0.023992421726103233,0.004220467405264711,51.5200354935533,9875.093437309659,201,210,0.9571428571428572,7,58.714285714285715,411,0,0,0,411,1,2,VoIP,0
12283,13693006.795426691,111.49096535639293,1114.7933562994945,80.0,1420.0,310.5698620934959,0.009076851368264506,0.012569906043814666,110.17036188301053,122817.18748829121,1811,10472,0.17293735676088617,58,211.77586206896552,12283,0,0,12283,0,2,2,Video streaming,0
1965,1618010.2976429889,55.62947368064051,823.414909741979,60.0,1420.0,351.8004540909024,0.028310164722972268,0.18820371892958726,35.32300181879728,29085.486354440724,807,1158,0.6968911917098446,31,63.38709677419355,1965,0,0,1965,0,4,2,Web browsing,0
7682,10682132.168331364,17.68627271464495,1390.5405061613335,70.0,1420.0,161.41862443190115,0.0023023005356215764,0.003129488044367566,434.3481593857248,603978.7094024693,6901,781,8.836107554417413,15,512.1333333333333,7682,0,0,7682,0,1,2,File transfer,0
37,5617.18306990515,22.732293140337234,151.81575864608513,70.0,350.0,24.24641414189869,0.6143863010901955,2.5936812990469362,1.6276404571937129,247.10147081192437,16,21,0.7619047619047619,13,2.8461538461538463,37,0,0,0,37,2,2,Messaging,0
83,8134.0,41.0,98.0,98.0,98.0,0.0,0.49583442370161795,0.005,2.024390243902439,198.390243902439,41,41,1.0,83,1.0,0,0,0,0,0,1,0,ICMP/ping,0
47,4850.301464847888,371.47627660465815,103.19790350740188,78.0,120.0,8.0,7.903750566056557,0.2,0.12652221140360875,13.056826963972718,23,24,1.0,23,2.0,0,47,0,0,47,1,1,Tunnel keep-alive,0
1042,185860.60936075618,21.131935622963763,178.36910687212685,150.71144392644317,212.75061928234308,13.212768260899917,0.014368327679584113,0.0047751124454734764,49.30925489228133,8795.247755666272,517,525,0.9847619047619047,2,521.0,1042,0,0,0,1042,1,2,VoIP,0
8072,10978347.948483054,53.258763360913676,1360.0530164126676,80.0,1420.0,251.92953300204914,0.00659796374639664,0.05576507257871232,151.56191189230648,206132.23544240242,1089,6983,0.1559501646856652,22,366.90909090909093,8072,0,0,8072,0,2,2,Video streaming,0
1665,1429974.948714577,25.17390763554476,858.8438130417879,60.0,1420.0,364.9242003309447,0.01511946404537223,0.2416489861780129,66.1399105814257,56803.85299799454,740,925,0.8,33,50.45454545454545,1665,0,0,1665,0,4,2,Web browsing,0
17577,25274955.131889522,87.85639894378545,1437.9561433628903,70.0,1420.0,128.5205802680414,0.004998372813550973,0.006676933781553586,200.06510864674263,287684.85205114767,15741,1836,8.573529411764707,7,2511.0,17577,0,0,17577,0,1,2,File transfer,0
298,47695.85701670499,55.08545128946095,160.053211465453,70.0,350.0,26.79036805571306,0.18485050768275485,0.7391017400592899,5.409776865293902,865.8521606018004,144,154,0.935064935064935,11,27.09090909090909,298,0,0,0,298,2,2,Messaging,0
145,14210.0,72.0,98.0,98.0,98.0,0.0,0.5020475888240178,0.005,2.013888888888889,197.36111111111111,72,72,1.0,145,1.0,0,0,0,0,0,1,0,ICMP/ping,0
35,3488.057397818215,94.49507441268753,99.65878279480614,78.0,120.0,8.0,2.6998592689339294,0.2,0.37038967604961925,36.91258427486762,17,18,1.0,17,2.0,0,35,0,0,35,1,1,Tunnel keep-alive,0
1562,316911.68629509944,31.083275489064448,202.8884035179894,172.5935596428538,224.87999778878998,5.240422346826847,0.023434278834356892,0.004854740754748196,50.25210424009318,10195.569202692091,780,782,0.9974424552429667,6,260.3333333333333,1562,0,0,0,1562,1,2,VoIP,0
12211,16079710.145012712,18.76865805060135,1316.8217299985843,80.0,1420.0,286.34978794961296,0.001537028748718479,0.01882807256627874,650.6059179659229,856732.0104432036,1931,10280,0.18784046692607004,23,530.9130434782609,12211,0,0,12211,0,2,2,Video streaming,0
2691,2269538.488520033,13.832653227381972,843.3810808324166,60.0,1420.0,430.6010745264772,0.005140339363575612,0.09798885974893144,194.53968488656392,164071.089704428,1097,1594,0.6882057716436637,16,168.1875,2691,0,0,2691,0,4,2,Web browsing,0
7812,10839188.580936436,38.45936103069971,1387.504938675939,70.0,1420.0,166.97544512182478,0.004923113291180199,0.004621357456502209,203.12349947166743,281834.85867807805,6873,939,7.319488817891374,19,411.1578947368421,7812,0,0,7812,0,1,2,File transfer,0
259,44105.9148325977,36.32578759339962,170.2931074617672,70.0,350.0,34.91999342267452,0.14025400615212208,1.0225925934648057,7.129921115517953,1214.1764227188216,139,120,1.1583333333333334,7,37.0,259,0,0,0,259,2,2,Messaging,0
160,13440.0,80.0,84.0,84.0,84.0,0.0,0.4837888052294382,0.005,2.0,168.0,80,80,1.0,160,1.0,0,0,0,0,0,1,0,ICMP/ping,0
54,4792.108080561972,591.7134178990534,88.74274223262911,78.0,120.0,8.0,10.957655887019508,0.2,0.09126039458718582,8.098697672898654,27,27,1.0,27,2.0,0,54,0,0,54,1,1,Tunnel keep-alive,0
660,138273.2441452632,12.830353130043266,209.50491537161088,180.994802186174,240.81323416666163,5.315137354795411,0.01790540097616685,0.0011377252342932582,51.440517132342904,10777.041188483401,334,326,1.0245398773006136,5,132.0,660,0,0,0,660,1,2,VoIP,0
9447,12152436.792769352,107.37627665783218,1286.3805221519374,80.0,1420.0,336.9844529418906,0.011366177268744806,0.037158092807852046,87.98032762957536,113176.17979523167,1728,7719,0.22386319471434124,19,497.2105263157895,9447,0,0,9447,0,2,2,Video streaming,0
2629,1884709.1283314212,56.44669693172893,716.8920229484295,60.0,1420.0,462.7134976296954,0.02147078620453744,0.28533359819672544,46.5749130224523,33389.183615312984,1055,1574,0.670266836086404,21,125.19047619047619,2629,0,0,2629,0,4,2,Web browsing,0
9242,12593703.173864685,94.43630552722502,1362.6599409072371,70.0,1420.0,170.08084180017403,0.010218167661461266,0.007887846695728477,97.86490426963628,133356.58466895498,8714,528,16.50378787878788,14,660.1428571428571,9242,0,0,9242,0,1,2,File transfer,0
190,20811.10218879434,145.65966598726808,109.5321167831281,70.0,350.0,49.54184213587854,0.7666298209856215,0.6594863906339947,1.3044105155136607,142.87484491838262,90,100,0.9,5,38.0,190,0,0,0,190,2,2,Messaging,0
19,1862.0,9.0,98.0,98.0,98.0,0.0,0.498674343226551,0.005,2.111111111111111,206.88888888888889,9,9,1.0,19,1.0,0,0,0,0,0,1,0,ICMP/ping,0
28,2471.680724134594,263.6889625271249,88.2743115762355,78.0,120.0,8.0,9.417462947397317,0.2,0.10618571111833976,9.373470548204459,14,14,1.0,14,2.0,0,28,0,0,28,1,1,Tunnel keep-alive,0
1643,352848.77448386047,32.98887289698818,214.758840221461,179.94145485375665,245.61030676078013,14.803801550666298,0.021182215130340392,0.0020959551261720724,49.80467217326491,10695.993633540445,819,824,0.9939320388349514,9,182.55555555555554,1643,0,0,0,1643,1,2,VoIP,0
8422,10213792.339668052,58.90308511763713,1212.7514058024285,80.0,1420.0,208.76869808553155,0.006993954537833903,0.03099505782311464,142.98062628095232,173399.95552473658,1241,7181,0.1728171563849046,53,158.9056603773585,8422,0,0,8422,0,2,2,Video streaming,0
2515,2288634.901142546,57.466986687157686,909.9939964781495,60.0,1420.0,479.8356830142147,0.022849696495887747,0.19430401825223753,43.76425744560632,39825.2115358259,1008,1507,0.6688785666887856,33,76.21212121212122,2515,0,0,2515,0,4,2,Web browsing,0
7565,10900582.23355438,69.82652844197617,1440.922965440103,70.0,1420.0,141.0731543491012,0.009230208650624742,0.005541735591796914,108.33991276376138,156109.4683750811,6435,1130,5.6946902654867255,12,630.4166666666666,7565,0,0,7565,0,1,2,File transfer,0
251,30867.459774212934,122.42825542060315,122.97792738730253,70.0,350.0,21.536035093053783,0.48776197378726355,1.4206252684878327,2.0501803210189324,252.12692664914283,149,102,1.4607843137254901,5,50.2,251,0,0,0,251,2,2,Messaging,0
52,5096.0,26.0,98.0,98.0,98.0,0.0,0.49893324318055676,0.005,2.0,196.0,26,26,1.0,52,1.0,0,0,0,0,0,1,0,ICMP/ping,0
31,3208.2703985094968,374.31787080708074,103.49259350030634,78.0,120.0,8.0,12.074770026034862,0.2,0.08281731228370086,8.570978434964982,15,16,1.0,15,2.0,0,31,0,0,31,1,1,Tunnel keep-alive,0
1590,334537.58298504446,32.017362753036366,210.40099558807827,184.50207910723142,239.91026771146068,16.353914890121622,0.019732500255095094,0.003756484361983033,49.66055487656342,10448.630187485338,791,799,0.9899874843554443,9,176.66666666666666,1590,0,0,0,1590,1,2,VoIP,0
9945,12798109.806786843,62.86159349198949,1286.8888694607183,80.0,1420.0,262.5746418463553,0.006320924433583659,0.07144245834038375,158.20470731890214,203591.87694498576,1197,8748,0.1368312757201646,37,268.7837837837838,9945,0,0,9945,0,2,2,Video streaming,0
306,223492.97697222346,50.24866069444635,730.3692057915799,60.0,1420.0,396.7072909838877,0.164211309458975,0.15042422318994414,6.089714547035085,4447.739977215446,114,192,0.59375,12,25.5,306,0,0,306,0,4,2,Web browsing,0
6428,8712756.42943451,68.57498994053364,1355.4381501920518,70.0,1420.0,151.31898917098297,0.01066816893909982,0.0074384291546078975,93.73679829299554,127054.43248318337,6089,339,17.96165191740413,16,401.75,6428,0,0,6428,0,1,2,File transfer,0
26,3905.6725077334736,11.62237002142853,150.21817337436437,70.0,350.0,23.01205734393879,0.44701423159340503,1.439631162954948,2.237065241604163,336.0478543130585,14,12,1.1666666666666667,9,2.888888888888889,26,0,0,0,26,2,2,Messaging,0
19,1862.0,9.0,98.0,98.0,98.0,0.0,0.48670814866655115,0.005,2.111111111111111,206.88888888888889,9,9,1.0,19,1.0,0,0,0,0,0,1,0,ICMP/ping,0
10,913.8811562220978,303.12759480321336,91.38811562220978,78.0,120.0,8.0,30.312759480321336,0.2,0.032989408326522945,3.014839862452569,5,5,1.0,5,2.0,0,10,0,0,10,1,1,Tunnel keep-alive,0
1745,356285.77551182423,35.10967134350452,204.17522951967004,178.5387294537606,227.86125745867201,5.590428197295942,0.018472359912202595,0.0010873868479448073,49.70140514638666,10147.795803213607,871,874,0.9965675057208238,9,193.88888888888889,1745,0,0,0,1745,1,2,VoIP,0
4645,5459257.9792322125,61.4492677568266,1175.2977350338456,80.0,1420.0,204.06599785043497,0.01322912115324577,0.06484510518115362,75.59081124256312,88841.70924275539,469,4176,0.11230842911877395,28,165.89285714285714,4645,0,0,4645,0,2,2,Video streaming,0
1115,1173121.1850341612,54.13174715834675,1052.1266233490235,60.0,1420.0,414.9259881585758,0.048548652159952244,0.18388561827444955,20.597894184689633,21671.59285663799,414,701,0.5905848787446505,17,65.58823529411765,1115,0,0,1115,0,4,2,Web browsing,0
24622,33998427.52743645,89.86820818333243,1380.8150242643346,70.0,1420.0,161.5069754014698,0.003649915042780133,0.009342168059312778,273.97897986094,378314.2917246016,23297,1325,17.582641509433962,11,2238.3636363636365,24622,0,0,24622,0,1,2,File transfer,0
201,31831.355594722554,161.37496116018457,158.3649532075749,70.0,350.0,30.508837742452112,0.8028605032845003,1.6806212473628963,1.245546388082366,197.25089546652782,93,108,0.8611111111111112,11,18.272727272727273,201,0,0,0,201,2,2,Messaging,0
102,8568.0,51.0,84.0,84.0,84.0,0.0,0.5011053531747394,0.005,2.0,168.0,51,51,1.0,102,1.0,0,0,0,0,0,1,0,ICMP/ping,0
46,3943.8949729558167,301.6780017572734,85.73684723816993,78.0,120.0,8.0,6.558217429505944,0.2,0.15248045840946353,13.0731937694583,23,23,1.0,23,2.0,0,46,0,0,46,1,1,Tunnel keep-alive,0
1376,240011.51206028007,27.459562941772898,174.42697097404076,148.09782835655244,196.16631137915942,9.548296757663758,0.020221798361091507,0.004866233757522176,50.110047378312714,8740.54377956476,689,687,1.002911208151383,6,229.33333333333334,1376,0,0,0,1376,1,2,VoIP,0
6490,8897948.783144735,38.458204215719796,1371.0244658158297,80.0,1420.0,293.78241875471576,0.005925763361436024,0.07563478459705314,168.7546294048543,231366.72563373868,1090,5400,0.20185185185185187,56,115.89285714285714,6490,0,0,6490,0,2,2,Video streaming,0
2189,1639732.6595778996,56.830429170762805,749.0784191767472,60.0,1420.0,468.2301394800059,0.02596182237129411,0.05601030934160946,38.518097292958,28853.075429905122,832,1357,0.6131171702284451,37,59.16216216216216,2189,0,0,2189,0,4,2,Web browsing,0
15330,22223134.803647716,75.98443403231197,1449.650019807418,70.0,1420.0,140.56452594472375,0.004956584085604173,0.002522457044581782,201.7518481940788,292469.5707307295,14528,802,18.114713216957608,9,1703.3333333333333,15330,0,0,15330,0,1,2,File transfer,0
177,34871.209431163414,94.71661481002032,197.0124826619402,70.0,350.0,44.12981690736119,0.5351221175707362,1.0681526338991558,1.8687323270053642,368.1635951739514,90,87,1.0344827586206897,7,25.285714285714285,177,0,0,0,177,2,2,Messaging,0
155,15190.0,77.0,98.0,98.0,98.0,0.0,0.5128662581010353,0.005,2.012987012987013,197.27272727272728,77,77,1.0,155,1.0,0,0,0,0,0,1,0,ICMP/ping,0
40,3436.0061513925825,67.37731015412909,85.90015378481456,78.0,120.0,8.0,1.6844327538532273,0.2,0.5936716664482142,50.996487445588734,20,20,1.0,20,2.0,0,40,0,0,40,1,1,Tunnel keep-alive,0
840,186082.10123020018,16.646958950377588,221.52631098833353,191.8428503450654,257.4065999936528,13.647333547097988,0.01895809313312647,0.0023682777386302215,50.45966668770737,11178.143815028718,418,422,0.990521327014218,1,840.0,840,0,0,0,840,1,2,VoIP,0
3772,4310019.386438128,34.6821277779775,1142.6350441246361,80.0,1420.0,201.36305524268244,0.009194625603917683,0.055380826910916114,108.75918640710243,124272.05775923902,569,3203,0.1776459569153918,32,117.875,3772,0,0,3772,0,2,2,Video streaming,0
2003,1650230.8947547444,58.18326830400734,823.879627935469,60.0,1420.0,435.6798775944371,0.0290480620589153,0.26585789444734614,34.42570447459797,28362.636593948188,642,1361,0.47171197648787655,36,55.638888888888886,2003,0,0,2003,0,4,2,Web browsing,0
3502,4788236.253473505,74.62127603143014,1367.2861945955185,70.0,1420.0,145.79002951270715,0.021308188472709922,0.004550314517549718,46.93031513592683,64167.171993369855,3280,222,14.774774774774775,18,194.55555555555554,3502,0,0,3502,0,1,2,File transfer,0
219,29358.53204425131,174.34481868096836,134.05722394635302,70.0,350.0,58.32552479217985,0.7960950624701751,1.1190791076785969,1.2561313932749882,168.39348749430954,102,117,0.8717948717948718,6,36.5,219,0,0,0,219,2,2,Messaging,0
176,17248.0,88.0,98.0,98.0,98.0,0.0,0.507210927964861,0.005,2.0,196.0,88,88,1.0,176,1.0,0,0,0,0,0,1,0,ICMP/ping,0
7,621.031926678202,344.0907671558327,88.71884666831457,78.0,120.0,8.0,49.15582387940467,0.2,0.02034346942192094,1.80484914434495,3,4,1.0,3,2.0,0,7,0,0,7,1,1,Tunnel keep-alive,0
1373,268313.04565154074,27.226772063623926,195.42100921452348,173.2927739564666,231.85605755423128,7.084534878299369,0.01870798009946868,0.0039891902302394274,50.428306256487296,9854.750501621817,690,683,1.0102489019033676,5,274.6,1373,0,0,0,1373,1,2,VoIP,0
6739,7913782.748995153,31.14837103149011,1174.3259755149359,80.0,1420.0,286.481748492671,0.004622105806720598,0.07883385378899586,216.35160288758163,254067.30711517934,836,5903,0.14162290360833474,55,122.52727272727273,6739,0,0,6739,0,2,2,Video streaming,0
1602,905383.1767494747,51.747057276985366,565.1580379210204,60.0,1420.0,407.1335543936994,0.0323015338807649,0.17401068150414578,30.958282157476297,17496.322001524637,482,1120,0.4303571428571429,25,64.08,1602,0,0,1602,0,4,2,Web browsing,0
21941,30023888.179710634,98.78386614145566,1368.391968447684,70.0,1420.0,168.71899964686764,0.004502249949476125,0.008333143007712929,222.11116913141583,303935.1399419546,19565,2376,8.234427609427609,7,3134.4285714285716,21941,0,0,21941,0,1,2,File transfer,0
22,2240.095596759422,32.74228464897456,101.82252712542827,70.0,350.0,58.1322867032949,1.4882856658624801,0.6816639689528918,0.6719140168702005,68.41598320872146,9,13,0.6923076923076923,3,7.333333333333333,22,0,0,0,22,2,2,Messaging,0
16,1344.0,8.0,84.0,84.0,84.0,0.0,0.4894491063182331,0.005,2.0,168.0,8,8,1.0,16,1.0,0,0,0,0,0,1,0,ICMP/ping,0
44,4103.55780394299,446.2966222236004,93.26267736234068,78.0,120.0,8.0,10.143105050536374,0.2,0.09858913961924504,9.19468711974041,22,22,1.0,22,2.0,0,44,0,0,44,1,1,Tunnel keep-alive,0
1275,286552.1129993553,25.213542854490342,224.746755293612,200.3976966492673,252.08033288767163,10.863761402617435,0.017844558440720325,0.004905826117741641,50.56806206720497,11365.0078710903,634,641,0.9890795631825273,3,425.0,1275,0,0,0,1275,1,2,VoIP,0
11563,14618479.450730557,36.582481290110366,1264.2462553602488,80.0,1420.0,240.01918241507462,0.003163753462778722,0.045414806010247576,316.08025459787274,399603.2782686747,2055,9508,0.2161337820782499,18,642.3888888888889,11563,0,0,11563,0,2,2,Video streaming,0
913,697760.4970816529,51.467524697577964,764.2502706261258,60.0,1420.0,403.9513341834602,0.05637187809154213,0.22180858586517072,17.739341562757637,13557.296590066806,316,597,0.5293132328308208,10,91.3,913,0,0,913,0,4,2,Web browsing,0
20256,28143763.189259384,73.14087390426481,1389.4037909389506,70.0,1420.0,132.93792693020757,0.0036108251335043844,0.007240397846669673,276.9450092504143,384788.4457341483,18769,1487,12.62205783456624,19,1066.1052631578948,20256,0,0,20256,0,1,2,File transfer,0
126,17302.115987695535,147.9765924556251,137.31838085472646,70.0,350.0,31.756670420197352,1.1744174004414691,1.6158158999664032,0.8514860216002379,116.92468180657731,68,58,1.1724137931034482,6,21.0,126,0,0,0,126,2,2,Messaging,0
112,9408.0,56.0,84.0,84.0,84.0,0.0,0.511403134150026,0.005,2.0,168.0,56,56,1.0,112,1.0,0,0,0,0,0,1,0,ICMP/ping,0
15,1754.8301079248681,144.43555648823252,116.98867386165787,78.0,120.0,8.0,9.629037099215502,0.2,0.1038525441013694,12.149571411578547,7,8,1.0,7,2.0,0,15,0,0,15,1,1,Tunnel keep-alive,0
239,48267.89847261969,4.7112104848643295,201.95773419506145,167.5134122215885,225.44086804296938,13.203217606811494,0.014874444490307837,0.003857838735543127,50.73006200165191,10245.328377428605,116,123,0.943089430894309,8,29.875,239,0,0,0,239,1,2,VoIP,0
3590,4030585.192880988,35.61444125637037,1122.7256804682418,80.0,1420.0,227.26453966417913,0.009920457174476427,0.045289298934290685,100.80180604708646,113172.77628664287,474,3116,0.1521181001283697,30,119.66666666666667,3590,0,0,3590,0,2,2,Video streaming,0
2543,2059974.2371689402,12.330634194519522,810.0567192956902,60.0,1420.0,489.1618599613111,0.004848853399339175,0.2669255244798098,206.23432338380962,167061.49940645526,1032,1511,0.6829913964262078,34,74.79411764705883,2543,0,0,2543,0,4,2,Web browsing,0
23229,32700468.292291317,79.82895290227238,1407.7432645525557,70.0,1420.0,111.39658871192411,0.0034366073831104387,0.006795171613609883,290.98465100046144,409631.6825340757,21682,1547,14.015513897866839,9,2581.0,23229,0,0,23229,0,1,2,File transfer,0
68,10676.374612810374,119.88925378877514,157.00550901191727,70.0,350.0,38.33453917705225,1.7630772615996344,1.8217682997101314,0.5671901179717462,89.05197317868343,27,41,0.6585365853658537,8,8.5,68,0,0,0,68,2,2,Messaging,0
127,10668.0,63.0,84.0,84.0,84.0,0.0,0.4999752016887684,0.005,2.015873015873016,169.33333333333334,63,63,1.0,127,1.0,0,0,0,0,0,1,0,ICMP/ping,0
15,1547.4282096650772,203.16115522418033,103.16188064433848,78.0,120.0,8.0,13.544077014945355,0.2,0.07383301194289868,7.616752365665332,7,8,1.0,7,2.0,0,15,0,0,15,1,1,Tunnel keep-alive,0
1858,357654.2396683435,37.35164340197331,192.49420864819348,170.40794690115584,215.40451830394068,18.156913428477527,0.021315505308697212,0.0031127570470254246,49.74346054882931,9575.32807376953,932,926,1.0064794816414686,5,371.6,1858,0,0,0,1858,1,2,VoIP,0
4446,5826177.490050405,57.92392727345194,1310.431284311832,80.0,1420.0,296.46565289267755,0.013028323723223557,0.0321020381738826,76.75584528326205,100583.26091298537,720,3726,0.1932367149758454,40,111.15,4446,0,0,4446,0,2,2,Video streaming,0
2275,1706530.1540747874,29.466164763729125,750.1231446482582,60.0,1420.0,484.91187832509877,0.01295216033570511,0.08338355829018736,77.20719741580936,57914.90571502579,814,1461,0.5571526351813826,35,65.0,2275,0,0,2275,0,4,2,Web browsing,0
8881,12467878.542011527,97.25418094655603,1403.882281501129,70.0,1420.0,157.21719617837698,0.010950814204093686,0.009391133274703398,91.31741086668927,128198.89510830372,8311,570,14.580701754385965,14,634.3571428571429,8881,0,0,8881,0,1,2,File transfer,0
198,12642.652286146022,84.24882903400275,63.851779222959706,70.0,350.0,38.56001712785705,0.4254991365353674,2.4727402791218918,2.350181032428206,150.06324041659332,103,95,1.0842105263157895,13,15.23076923076923,198,0,0,0,198,2,2,Messaging,0
106,10388.0,53.0,98.0,98.0,98.0,0.0,0.5108005605913931,0.005,2.0,196.0,53,53,1.0,106,1.0,0,0,0,0,0,1,0,ICMP/ping,0
26,2637.1250136764197,280.2638061806353,101.42788514140075,78.0,120.0,8.0,10.779377160793665,0.2,0.09276973846291986,9.409438377414824,13,13,1.0,13,2.0,0,26,0,0,26,1,1,Tunnel keep-alive,0
1325,291441.3360024539,26.975601919156652,219.9557252848709,197.388726752577,252.95946861378397,19.73723870901872,0.0239631852150604,0.004647274278157788,49.118459116163585,10803.88629977104,662,663,0.9984917043740573,4,331.25,1325,0,0,0,1325,1,2,VoIP,0
2986,4109580.8186858706,33.393071516247716,1376.2829265525354,80.0,1420.0,328.74956476713874,0.01118321216217271,0.042453545204041494,89.41974680427745,123066.87082337769,532,2454,0.21678891605541972,45,66.35555555555555,2986,0,0,2986,0,2,2,Video streaming,0
2157,1857582.6363778755,20.13435618684374,861.188055808009,60.0,1420.0,409.6940519571136,0.009334425677720788,0.28286974814917015,107.1303189425761,92259.35108824902,756,1401,0.5396145610278372,23,93.78260869565217,2157,0,0,2157,0,4,2,Web browsing,0
18770,26861578.693720073,53.00806194218222,1431.0910332296255,70.0,1420.0,166.22321583295928,0.0028240842803506777,0.007437900794762221,354.0970809397466,506745.15742565633,16457,2313,7.115002161694768,12,1564.1666666666667,18770,0,0,18770,0,1,2,File transfer,0
280,31597.6179251734,31.29270928635535,112.84863544704785,70.0,350.0,46.2203988738445,0.11175967602269768,0.5994928183391314,8.947771106610102,1009.7437596734712,145,135,1.0740740740740742,6,46.666666666666664,280,0,0,0,280,2,2,Messaging,0
56,4704.0,28.0,84.0,84.0,84.0,0.0,0.5110026160323097,0.005,2.0,168.0,28,28,1.0,56,1.0,0,0,0,0,0,1,0,ICMP/ping,0
32,2938.260646215955,503.4800870013366,91.8206451942486,78.0,120.0,8.0,15.733752718791768,0.2,0.06355762785096017,5.8359023962911065,16,16,1.0,16,2.0,0,32,0,0,32,1,1,Tunnel keep-alive,0
1921,363033.2678659113,38.49276053295509,188.9813992014114,155.5481945814534,215.65944863194247,8.813887414833959,0.013940560002985299,0.0035241975730808824,49.90548802950519,9431.20895564518,959,962,0.9968814968814969,8,240.125,1921,0,0,0,1921,1,2,VoIP,0
14075,19845568.76428135,66.54257068641607,1409.9871235723874,80.0,1420.0,279.05752347388454,0.004727713725500253,0.050777364420851526,211.51872936092107,298238.6847932913,2369,11706,0.20237485050401505,24,586.4583333333334,14075,0,0,14075,0,2,2,Video streaming,0
1920,1874598.8710810277,45.00988152073663,976.3535786880352,60.0,1420.0,480.4424686598393,0.02344264662538366,0.09736085829185069,42.657299577992255,41648.607100140354,691,1229,0.5622457282343368,14,137.14285714285714,1920,0,0,1920,0,4,2,Web browsing,0
5815,7910505.156550813,21.238306921533038,1360.3620217628225,70.0,1420.0,120.28532387278652,0.0036523313708569285,0.009984868809138611,273.79771944553187,372464.01917897374,5257,558,9.421146953405017,13,447.3076923076923,5815,0,0,5815,0,1,2,File transfer,0
110,15577.024569898635,56.616191151104985,141.60931427180577,70.0,350.0,21.064334643107365,0.5146926468282271,2.3380712952539904,1.9429071041959896,275.133742719014,57,53,1.0754716981132075,14,7.857142857142857,110,0,0,0,110,2,2,Messaging,0
81,6804.0,40.0,84.0,84.0,84.0,0.0,0.506723592088835,0.005,2.025,170.1,40,40,1.0,81,1.0,0,0,0,0,0,1,0,ICMP/ping,0
47,4474.274939802724,250.33976534940962,95.1973391447388,78.0,120.0,8.0,5.3263779861576515,0.2,0.1877448432309591,17.872809513733433,23,24,1.0,23,2.0,0,47,0,0,47,1,1,Tunnel keep-alive,0
482,104025.70755191839,9.833863161875733,215.82097002472693,183.4260129348956,237.36920106442193,12.69253043652713,0.01762981738220614,0.002373203876782964,49.01430821903589,10578.31554492327,238,244,0.9754098360655737,6,80.33333333333333,482,0,0,0,482,1,2,VoIP,0
9828,13419085.905152194,45.45573069163674,1365.393356242592,80.0,1420.0,300.92475348806454,0.004625125222999261,0.04480604365139971,216.21036226810065,295212.1921916686,1916,7912,0.24216380182002023,34,289.05882352941177,9828,0,0,9828,0,2,2,Video streaming,0
2724,2414673.4315679586,6.054233813873777,886.4439910308217,60.0,1420.0,414.79840571951615,0.0022225527951078477,0.058252983975081815,449.9330689471769,398840.4653342814,1206,1518,0.7944664031620553,16,170.25,2724,0,0,2724,0,4,2,Web browsing,0
9938,13654656.491351059,74.09981846594428,1373.984352118239,70.0,1420.0,149.4370811045758,0.007456210350769197,0.009233514549971903,134.11638794455928,184273.81839844366,8657,1281,6.75800156128025,19,523.0526315789474,9938,0,0,9938,0,1,2,File transfer,0
54,6677.262116569665,175.93462411392719,123.65300215869749,70.0,350.0,28.89131066554341,3.2580485947023554,1.020265086490932,0.30693219297772834,37.9530871208488,29,25,1.16,5,10.8,54,0,0,0,54,2,2,Messaging,0
191,16044.0,95.0,84.0,84.0,84.0,0.0,0.50471862338031,0.005,2.0105263157894737,168.8842105263158,95,95,1.0,191,1.0,0,0,0,0,0,1,0,ICMP/ping,0
16,1330.725536248516,509.65462302868684,83.17034601553225,78.0,120.0,8.0,31.853413939292928,0.2,0.03139380921322362,2.6110339750094127,8,8,1.0,8,2.0,0,16,0,0,16,1,1,Tunnel keep-alive,0
1953,327039.30004772556,38.86946257644618,167.45483873411447,127.77304945478419,193.29981786890224,9.422258575201504,0.01641743179672313,0.0024181928353144296,50.24509912270987,8413.784970772977,977,976,1.0010245901639345,7,279.0,1953,0,0,0,1953,1,2,VoIP,0
14350,18938733.742949747,110.68189344172013,1319.772386268275,80.0,1420.0,215.5212595469877,0.007713023933220915,0.055959389167975666,129.6508358664467,171109.5930331368,2736,11614,0.23557775099018427,21,683.3333333333334,14350,0,0,14350,0,2,2,Video streaming,0
1767,1386535.5657092428,35.011776573274915,784.6833988167758,60.0,1420.0,452.59626948727123,0.019814248202192936,0.09755698270503439,50.46873289339968,39601.976860768875,668,1099,0.607825295723385,35,50.48571428571429,1767,0,0,1767,0,4,2,Web browsing,0
8199,11266300.88146679,16.393367926300712,1374.106705874715,70.0,1420.0,157.45821975518794,0.0019994350440664366,0.00563305811439821,500.1412788915649,687247.4852096555,7389,810,9.122222222222222,9,911.0,8199,0,0,8199,0,1,2,File transfer,0
147,24351.49236654587,81.99194157238657,165.65641065677463,70.0,350.0,38.09467036826281,0.5577683100162352,2.334107100911121,1.7928591173831527,296.99860619896606,83,64,1.296875,6,24.5,147,0,0,0,147,2,2,Messaging,0
173,16954.0,86.0,98.0,98.0,98.0,0.0,0.5134664343143448,0.005,2.011627906976744,197.13953488372093,86,86,1.0,173,1.0,0,0,0,0,0,1,0,ICMP/ping,0
27,2143.4727999998768,183.8724911633663,79.38788148147691,78.0,120.0,8.0,6.810092265309863,0.2,0.14684088864609524,11.657387064470957,13,14,1.0,13,2.0,0,27,0,0,27,1,1,Tunnel keep-alive,0
1835,328798.91814870405,36.88267115246276,179.18197174316296,158.4018433279066,208.29330738296514,18.364608270360556,0.02229158105490027,0.0032779890340743035,49.75236181822671,8914.726289469118,920,915,1.005464480874317,1,1835.0,1835,0,0,0,1835,1,2,VoIP,0
1100,1406738.105522362,30.176600784775164,1278.8528232021474,80.0,1420.0,302.8477623897799,0.027433273440704696,0.02583941339006649,36.45208444269101,46616.85110113847,124,976,0.12704918032786885,34,32.35294117647059,1100,0,0,1100,0,2,2,Video streaming,0
1637,1300220.933886337,10.886602381607096,794.2705765951968,60.0,1420.0,467.1048956257443,0.006650337435312826,0.2775490310361741,150.36830983794448,119433.12415662935,585,1052,0.5560836501901141,19,86.15789473684211,1637,0,0,1637,0,4,2,Web browsing,0
18924,25270493.01674013,48.71284588871437,1335.367417921165,70.0,1420.0,176.21296204503244,0.0025741305162076925,0.009425589077498547,388.480690354908,518764.45639146515,17865,1059,16.86968838526912,5,3784.8,18924,0,0,18924,0,1,2,File transfer,0
88,11005.131096839314,158.70642044161622,125.05830791862857,70.0,350.0,49.49725765708489,1.8034820504729117,1.1320935017257232,0.5544829235964831,69.34269619475037,36,52,0.6923076923076923,11,8.0,88,0,0,0,88,2,2,Messaging,0
71,5964.0,35.0,84.0,84.0,84.0,0.0,0.486649479045731,0.005,2.0285714285714285,170.4,35,35,1.0,71,1.0,0,0,0,0,0,1,0,ICMP/ping,0
47,3811.6211108717853,75.18561339007883,81.09832150791033,78.0,120.0,8.0,1.5996939019165708,0.2,0.6251195924432256,50.696149688854575,23,24,1.0,23,2.0,0,47,0,0,47,1,1,Tunnel keep-alive,0
459,93716.08847129512,9.306753348542331,204.17448468691748,179.4738587106791,237.2201069432864,11.077957138629944,0.019085233362928018,0.003384174381910589,49.319024885503254,10069.686491258886,229,230,0.9956521739130435,2,229.5,459,0,0,0,459,1,2,VoIP,0
10747,14489078.440877914,100.1644703058505,1348.197491474636,80.0,1420.0,344.8172951900932,0.009320226138071135,0.07410700437335208,107.29353399647819,144652.87338550048,1615,9132,0.17685063512921595,58,185.29310344827587,10747,0,0,10747,0,2,2,Video streaming,0
2024,1361135.8877662348,12.466021920494558,672.49796826395,60.0,1420.0,496.61572763060184,0.006159101739374782,0.29108830850899664,162.36133811641034,109187.67000790218,656,1368,0.47953216374269003,37,54.7027027027027,2024,0,0,2024,0,4,2,Web browsing,0
23058,32610181.815409716,19.013949775609024,1414.2675780817815,70.0,1420.0,137.83156071652596,0.0008246140070955428,0.0017955727043208255,1212.688592960241,1715066.1593332835,20388,2670,7.6359550561797755,18,1281.0,23058,0,0,23058,0,1,2,File transfer,0
22,2758.549589482259,117.0462111940645,125.38861770373904,70.0,350.0,36.64643785624631,5.320282327002932,0.9163462837431751,0.1879599499681681,23.568038310172547,13,9,1.4444444444444444,9,2.4444444444444446,22,0,0,0,22,2,2,Messaging,0
146,14308.0,73.0,98.0,98.0,98.0,0.0,0.5020947008364778,0.005,2.0,196.0,73,73,1.0,146,1.0,0,0,0,0,0,1,0,ICMP/ping,0
7,575.0826164662622,191.60243442834505,82.15465949518031,78.0,120.0,8.0,27.371776346906437,0.2,0.03653398257117574,3.001436898137795,3,4,1.0,3,2.0,0,7,0,0,7,1,1,Tunnel keep-alive,0
1845,373395.6739319971,36.8831346455655,202.38247909593338,162.70777842241822,229.59860532349342,16.29271212637076,0.018127239738287917,0.003000135662278432,50.02286323355725,10123.751072684136,922,923,0.9989165763813651,6,307.5,1845,0,0,0,1845,1,2,VoIP,0
8734,11247968.892154759,42.98616952884714,1287.8370611580901,80.0,1420.0,328.8398523987091,0.0049217047777475546,0.034133883682991195,203.18163017848778,261664.8334903736,1214,7520,0.16143617021276596,56,155.96428571428572,8734,0,0,8734,0,2,2,Video streaming,0
2863,2231523.6506649787,27.601840379256046,779.4354350908064,60.0,1420.0,440.6456629732218,0.009640880328067078,0.20750467015470686,103.72496763482721,80846.91527823135,1038,1825,0.5687671232876712,28,102.25,2863,0,0,2863,0,4,2,Web browsing,0
4147,5673104.489719363,18.420346622110202,1368.0020471954094,70.0,1420.0,173.60354004260654,0.004441848715242392,0.003880145017786526,225.13148558357187,307980.33316647017,3734,413,9.041162227602905,13,319.0,4147,0,0,4147,0,1,2,File transfer,0
134,16516.158750445866,154.76883800293035,123.25491604810347,70.0,350.0,54.55158491860013,1.1549913283800772,1.516934371430013,0.8658073661925593,106.71501423389347,74,60,1.2333333333333334,10,13.4,134,0,0,0,134,2,2,Messaging,0
164,16072.0,82.0,98.0,98.0,98.0,0.0,0.4902700600331479,0.005,2.0,196.0,82,82,1.0,164,1.0,0,0,0,0,0,1,0,ICMP/ping,0
24,2684.8011034975943,339.72828841060067,111.86671264573309,78.0,120.0,8.0,14.155345350441694,0.2,0.0706446911214919,7.902789361634507,12,12,1.0,12,2.0,0,24,0,0,24,1,1,Tunnel keep-alive,0
881,167884.1600699227,17.87054416375374,190.56090813839128,153.0013404883981,215.94470292785738,19.733840914049225,0.021312323232996762,0.002531612056148983,49.29900242136468,9394.462671732004,442,439,1.0068337129840548,5,176.2,881,0,0,0,881,1,2,VoIP,0
11345,14242913.869758451,79.08335110264908,1255.435334487303,80.0,1420.0,238.74506436913884,0.006970766954839055,0.07069081248374204,143.45623752430964,180100.02954062165,1893,9452,0.20027507405840034,37,306.6216216216216,11345,0,0,11345,0,2,2,Video streaming,0
1988,1916613.0578642443,31.8345107403616,964.0910753844288,60.0,1420.0,380.6384701904595,0.016013335382475655,0.20670065751621097,62.447952042168524,60205.513239889486,703,1285,0.5470817120622569,14,142.0,1988,0,0,1988,0,4,2,Web browsing,0
21360,31464706.19200937,53.21651637356991,1473.0667692888283,70.0,1420.0,191.6756003118747,0.002491409942582861,0.008207362898737754,401.37914797084477,591258.2847613149,19119,2241,8.531459170013386,12,1780.0,21360,0,0,21360,0,1,2,File transfer,0
165,20651.92521258738,109.66003479272948,125.16318310659017,70.0,350.0,39.69468194804996,0.6646062714710878,0.9807894319608763,1.5046502612539714,188.32681616070957,81,84,0.9642857142857143,12,13.75,165,0,0,0,165,2,2,Messaging,0
79,7742.0,39.0,98.0,98.0,98.0,0.0,0.5036709584173386,0.005,2.0256410256410255,198.51282051282053,39,39,1.0,79,1.0,0,0,0,0,0,1,0,ICMP/ping,0
44,3989.216970935782,564.8422451394347,90.66402206672231,78.0,120.0,8.0,12.83732375316897,0.2,0.07789785622202945,7.062532955464441,22,22,1.0,22,2.0,0,44,0,0,44,1,1,Tunnel keep-alive,0
1501,273859.85852804664,30.418667701552664,182.45160461562068,143.85289273413898,211.62570692897145,7.724471328182328,0.01956458714243507,0.002209582961215689,49.34469894364848,9003.01950154339,753,748,1.0066844919786095,4,375.25,1501,0,0,0,1501,1,2,VoIP,0
10089,12675987.117132476,103.84409891012602,1256.4166039381976,80.0,1420.0,204.23431394760595,0.010292803935982359,0.0698615741480031,97.15525586804628,122067.47663247735,1370,8719,0.15712811102190619,33,305.72727272727275,10089,0,0,10089,0,2,2,Video streaming,0
2470,1747764.0525841587,28.641456835873544,707.5967824227363,60.0,1420.0,395.9663504825364,0.01159573151249941,0.29055322752898616,86.23863004434588,61022.177139923864,1098,1372,0.8002915451895044,32,77.1875,2470,0,0,2470,0,4,2,Web browsing,0
8749,11931214.700999828,53.16625870700123,1363.7232484855215,70.0,1420.0,150.91579655626026,0.0060768383480399165,0.0012220295908643845,164.55925643020436,224413.28374736023,7792,957,8.142110762800417,12,729.0833333333334,8749,0,0,8749,0,1,2,File transfer,0
118,15955.281590763976,100.66242161798594,135.21425076918624,70.0,350.0,59.83974596402798,0.8530713696439487,2.501340262816869,1.1722348628548813,158.50285870644257,67,51,1.3137254901960784,8,14.75,118,0,0,0,118,2,2,Messaging,0
152,14896.0,76.0,98.0,98.0,98.0,0.0,0.49200006905304966,0.005,2.0,196.0,76,76,1.0,152,1.0,0,0,0,0,0,1,0,ICMP/ping,0
37,3304.0155219599033,244.44800899704668,89.29771680972712,78.0,120.0,8.0,6.606702945866127,0.2,0.1513614291718245,13.516230038101153,18,19,1.0,18,2.0,0,37,0,0,37,1,1,Tunnel keep-alive,0
969,198057.1934926638,19.148856912904172,204.39338853732073,171.39112406893645,239.23383757491592,5.4726956462331735,0.019831564604044387,0.0014864210373922286,50.603542781031656,10343.029581008335,484,485,0.9979381443298969,2,484.5,969,0,0,0,969,1,2,VoIP,0
2416,3077485.184599066,78.61180986963552,1273.7935366717988,80.0,1420.0,278.0347940756038,0.03253800077385576,0.01259793239736116,30.73329572244336,39147.8734518714,261,2155,0.12111368909512761,31,77.93548387096774,2416,0,0,2416,0,2,2,Video streaming,0
2786,2309269.4930747226,42.90497757351342,828.8835222809486,60.0,1420.0,401.22041099126636,0.015400207312818888,0.10390244131076119,64.93419079934176,53822.88078622156,1175,1611,0.7293606455617628,9,309.55555555555554,2786,0,0,2786,0,4,2,Web browsing,0
20733,28530739.88922555,82.46072878791985,1376.1028258923238,70.0,1420.0,195.22600783623238,0.003977269511788928,0.0014487413175924783,251.42877469980957,345991.84737505234,17933,2800,6.404642857142857,12,1727.75,20733,0,0,20733,0,1,2,File transfer,0
180,28661.60537801989,56.50214493032927,159.23114098899939,70.0,350.0,35.986320083430144,0.31390080516849594,2.9571502946385513,3.185719767310629,507.2657934200811,91,89,1.0224719101123596,13,13.846153846153847,180,0,0,0,180,2,2,Messaging,0
96,8064.0,48.0,84.0,84.0,84.0,0.0,0.5003762632384502,0.005,2.0,168.0,48,48,1.0,96,1.0,0,0,0,0,0,1,0,ICMP/ping,0
40,3570.599607280014,86.73682003923851,89.26499018200035,78.0,120.0,8.0,2.1684205009809627,0.2,0.4611651658650221,41.16590400322176,20,20,1.0,20,2.0,0,40,0,0,40,1,1,Tunnel keep-alive,0
300,60117.92138748316,6.322657468480427,200.39307129161054,171.2018117415001,230.3724301760264,6.083197780027819,0.019089307024202255,0.0037377414442772297,47.448403063989055,9508.331217875031,146,154,0.948051948051948,9,33.333333333333336,300,0,0,0,300,1,2,VoIP,0
3975,5400484.896512604,33.1211165590731,1358.6125525817872,80.0,1420.0,280.47884125901726,0.008332356367062416,0.07019584999283865,120.01406996380683,163052.6219392568,482,3493,0.13799026624677926,39,101.92307692307692,3975,0,0,3975,0,2,2,Video streaming,0
924,697419.7405009811,57.928593161466374,754.7832689404557,60.0,1420.0,427.7548195002981,0.06269328264227962,0.06822461296791375,15.95067219092483,12039.300498063865,364,560,0.65,20,46.2,924,0,0,924,0,4,2,Web browsing,0
6792,8809291.13427768,82.33241066895722,1297.009884316502,70.0,1420.0,175.34756054464805,0.012121968590835868,0.0021922359070773393,82.49485159992855,106996.63793033031,6144,648,9.481481481481481,16,424.5,6792,0,0,6792,0,1,2,File transfer,0
35,5012.57132945994,25.210430877765827,143.21632369885543,70.0,350.0,36.719363420276544,0.7202980250790236,2.6332119964180047,1.3883142326959599,198.8292605455127,19,16,1.1875,10,3.5,35,0,0,0,35,2,2,Messaging,0
121,10164.0,60.0,84.0,84.0,84.0,0.0,0.4907152396962445,0.005,2.0166666666666666,169.4,60,60,1.0,121,1.0,0,0,0,0,0,1,0,ICMP/ping,0
28,2541.718252415044,114.62943459107574,90.77565187196586,78.0,120.0,8.0,4.093908378252705,0.2,0.24426535906668329,22.17334719901798,14,14,1.0,14,2.0,0,28,0,0,28,1,1,Tunnel keep-alive,0
1812,370277.42492384184,36.70082941708019,204.3473647482571,182.41455306495965,229.8306455017031,9.800850903279365,0.02178030127887233,0.0040526002309822454,49.37218119535777,10089.075119144814,902,910,0.9912087912087912,1,1812.0,1812,0,0,0,1812,1,2,VoIP,0
5241,6291536.009379783,105.32552574550539,1200.4457182560166,80.0,1420.0,264.13127830395683,0.020096455971285135,0.021260220543956855,49.76001745924019,59734.19989928951,891,4350,0.20482758620689656,37,141.64864864864865,5241,0,0,5241,0,2,2,Video streaming,0
2904,2468242.553111138,10.818808615003942,849.9457827517692,60.0,1420.0,425.92097790419666,0.0037254850602630655,0.2536562640064793,268.42142266687483,228143.65619594045,1278,1626,0.7859778597785978,32,90.75,2904,0,0,2904,0,4,2,Web browsing,0
4233,6020832.975014534,58.212007341042685,1422.3560063818884,70.0,1420.0,149.29827104580892,0.013751950706601155,0.005247122595080708,72.71695640386379,103429.3997068456,3805,428,8.89018691588785,18,235.16666666666666,4233,0,0,4233,0,1,2,File transfer,0
250,32951.642810825004,104.2119006708145,131.80657124330003,70.0,350.0,43.51609299579258,0.416847602683258,2.83635061405465,2.3989582609159226,316.19846292711765,136,114,1.1929824561403508,5,50.0,250,0,0,0,250,2,2,Messaging,0
79,6636.0,39.0,84.0,84.0,84.0,0.0,0.5063490381158493,0.005,2.0256410256410255,170.15384615384616,39,39,1.0,79,1.0,0,0,0,0,0,1,0,ICMP/ping,0
30,3477.466446297438,117.68333620055493,115.91554820991459,78.0,120.0,8.0,3.9227778733518313,0.2,0.2549213930243638,29.549353022854223,15,15,1.0,15,2.0,0,30,0,0,30,1,1,Tunnel keep-alive,0
1425,289694.91530105006,28.77316769174696,203.29467740424568,179.88391642628116,232.24168838435818,8.156895082648013,0.01906817925530128,0.003758332262132919,49.52530827562425,10068.23156923885,709,716,0.9902234636871509,8,178.125,1425,0,0,0,1425,1,2,VoIP,0
11237,14839150.943838801,49.22148132945776,1320.5616217708287,80.0,1420.0,256.60227158454677,0.00438030447000603,0.02807587692819881,228.29463267849584,301477.1303714901,1397,9840,0.14197154471544715,38,295.7105263157895,11237,0,0,11237,0,2,2,Video streaming,0
1406,1143236.2540047087,46.773608179431925,813.1125561911157,60.0,1420.0,380.898227628271,0.033267146642554715,0.227324031785192,30.05968653532848,24441.908557044604,426,980,0.4346938775510204,10,140.6,1406,0,0,1406,0,4,2,Web browsing,0
8085,11266161.683075506,35.74809298281345,1393.4646484941875,70.0,1420.0,191.70767794698133,0.004421532836464249,0.00625083593629682,226.16591055324295,315154.2010504426,7246,839,8.63647199046484,13,621.9230769230769,8085,0,0,8085,0,1,2,File transfer,0
201,28430.314383698074,41.20589941687859,141.44435016765212,70.0,350.0,52.83676854452001,0.20500447471083874,1.5722109734867755,4.877942305457049,689.957379550671,87,114,0.7631578947368421,12,16.75,201,0,0,0,201,2,2,Messaging,0
26,2548.0,13.0,98.0,98.0,98.0,0.0,0.49154326895505884,0.005,2.0,196.0,13,13,1.0,26,1.0,0,0,0,0,0,1,0,ICMP/ping,0
53,4868.527548069464,126.7930593314308,91.85901034093328,78.0,120.0,8.0,2.3923218741779397,0.2,0.4180039528935146,38.39742943139634,26,27,1.0,26,2.0,0,53,0,0,53,1,1,Tunnel keep-alive,0
1926,404851.4245210326,38.99648966114789,210.20323183854237,179.30673832507372,235.5980811560177,15.53598081620898,0.019403450769447047,0.0036356072262994288,49.38906082920764,10381.740203769805,965,961,1.004162330905307,4,481.5,1926,0,0,0,1926,1,2,VoIP,0
14493,19232623.630942415,83.92654529279089,1327.0284710510189,80.0,1420.0,276.45891129322695,0.005790833181038494,0.031004695803380798,172.68672205485046,229160.1967392605,1668,12825,0.13005847953216373,45,322.06666666666666,14493,0,0,14493,0,2,2,Video streaming,0
1038,928354.6630225893,25.67841720610265,894.3686541643442,60.0,1420.0,463.4465145470441,0.024738359543451494,0.18491544722578812,40.42305223365995,36153.11082343344,323,715,0.45174825174825173,9,115.33333333333333,1038,0,0,1038,0,4,2,Web browsing,0
22563,31826638.843371935,19.209896158065682,1410.5676923889525,70.0,1420.0,163.74024812092216,0.0008513892726173684,0.008216433098879636,1174.5508572427366,1656783.492294353,20230,2333,8.671238748392627,12,1880.25,22563,0,0,22563,0,1,2,File transfer,0
213,29065.721279496072,28.428063361825863,136.45878534974682,70.0,350.0,55.037320887448196,0.13346508620575523,2.457900072569757,7.492596216948897,1022.4305788809545,92,121,0.7603305785123967,4,53.25,213,0,0,0,213,2,2,Messaging,0
151,14798.0,75.0,98.0,98.0,98.0,0.0,0.5051906222360493,0.005,2.013333333333333,197.30666666666667,75,75,1.0,151,1.0,0,0,0,0,0,1,0,ICMP/ping,0
8,657.8020290449011,87.17438378471853,82.22525363061264,78.0,120.0,8.0,10.896797973089816,0.2,0.09177007800544248,7.545817939698615,4,4,1.0,4,2.0,0,8,0,0,8,1,1,Tunnel keep-alive,0
1301,240053.79047906096,26.025353668237827,184.51482742433586,149.60226077392582,224.42720861678998,14.984757509389397,0.021875894576698973,0.002973919992291511,49.989714513958056,9223.843546534788,648,653,0.9923430321592649,2,650.5,1301,0,0,0,1301,1,2,VoIP,0
2174,2769524.437296861,50.953780843035254,1273.9302839451982,80.0,1420.0,261.1111822032028,0.02343780167572919,0.07905986435455285,42.66611748983017,54353.65916865854,229,1945,0.11773778920308484,32,67.9375,2174,0,0,2174,0,2,2,Video streaming,0
342,211301.24263062907,20.363671690210772,617.8398907328335,60.0,1420.0,405.40867466826705,0.05954289967897886,0.0898849891721059,16.794613722063016,10376.38230693956,148,194,0.7628865979381443,21,16.285714285714285,342,0,0,342,0,4,2,Web browsing,0
12306,16424199.94418488,89.41682677994096,1334.649759806995,70.0,1420.0,172.30571254603296,0.007266116266856896,0.005569769366763979,137.6251030500741,183681.31072919432,11074,1232,8.988636363636363,18,683.6666666666666,12306,0,0,12306,0,1,2,File transfer,0
175,27936.961194473195,76.21772441071947,159.63977825413255,70.0,350.0,29.642573834269466,0.4355298537755398,0.5392397639906992,2.296053855622427,366.5415283711103,82,93,0.8817204301075269,10,17.5,175,0,0,0,175,2,2,Messaging,0
15,1260.0,7.0,84.0,84.0,84.0,0.0,0.5044510425483271,0.005,2.142857142857143,180.0,7,7,1.0,15,1.0,0,0,0,0,0,1,0,ICMP/ping,0
29,2436.3130097835583,167.46609898420166,84.01079344081235,78.0,120.0,8.0,5.774693068420747,0.2,0.1731693768225639,14.548096746514613,14,15,1.0,14,2.0,0,29,0,0,29,1,1,Tunnel keep-alive,0
1903,356268.6197624147,38.497481172399105,187.21419850888844,162.34534617358023,224.05807312635073,8.13959113751313,0.02142609683207603,0.0012900892678179257,49.431805459635164,9254.335839972893,952,951,1.0010515247108307,7,271.85714285714283,1903,0,0,0,1903,1,2,VoIP,0
11196,13709895.431390695,111.2044057800494,1224.5351403528666,80.0,1420.0,342.1784850880491,0.009932512127549965,0.028099008454817213,100.67946428439633,123285.54192814468,1497,9699,0.1543458088462728,32,349.875,11196,0,0,11196,0,2,2,Video streaming,0
2427,2064214.421168101,42.49820237836501,850.5209811158225,60.0,1420.0,483.31287256254086,0.017510590184740424,0.22312850319029826,57.10829786145349,48571.805526978045,816,1611,0.5065176908752328,11,220.63636363636363,2427,0,0,2427,0,4,2,Web browsing,0
24788,34568013.59151872,19.435217248539217,1394.5462962529741,70.0,1420.0,156.57420260709014,0.0007840574975205429,0.0011377952796421489,1275.416666714292,1778627.5887457295,23004,1784,12.894618834080717,11,2253.4545454545455,24788,0,0,24788,0,1,2,File transfer,0
146,14083.924286908179,79.09115197036343,96.46523484183685,70.0,350.0,52.37478177747783,0.5417202189750919,1.4482084793188614,1.8459713427199576,178.0720590867816,59,87,0.6781609195402298,7,20.857142857142858,146,0,0,0,146,2,2,Messaging,0
141,13818.0,70.0,98.0,98.0,98.0,0.0,0.49481747361138795,0.005,2.0142857142857142,197.4,70,70,1.0,141,1.0,0,0,0,0,0,1,0,ICMP/ping,0
12,1263.0331308524446,326.3716467628224,105.25276090437038,78.0,120.0,8.0,27.197637230235202,0.2,0.03676789978242357,3.8699229647552795,6,6,1.0,6,2.0,0,12,0,0,12,1,1,Tunnel keep-alive,0
1420,275022.52398238704,28.454099280395823,193.67783379041342,156.8149364898185,226.56209411020578,14.760865765007004,0.016606872877112343,0.004467285942753956,49.90493587608817,9665.479875930243,711,709,1.002820874471086,7,202.85714285714286,1420,0,0,0,1420,1,2,VoIP,0
2724,3644629.876142897,33.706414330254574,1337.9698517411516,80.0,1420.0,275.04357780172694,0.012373867228434131,0.03906089732401173,80.81547842230617,108128.67368308322,318,2406,0.13216957605985039,59,46.16949152542373,2724,0,0,2724,0,2,2,Video streaming,0
333,237823.30778550782,5.58034002487453,714.1841074639874,60.0,1420.0,363.7139403292564,0.016757777852476063,0.18920967367256025,59.67378305186471,42618.06748789562,144,189,0.7619047619047619,22,15.136363636363637,333,0,0,333,0,4,2,Web browsing,0
17898,25467000.00966255,11.62729829851169,1422.8964135469075,70.0,1420.0,161.9582592827087,0.0006496423230814443,0.006971413106158391,1539.3085771516646,2190276.653771097,16710,1188,14.065656565656566,5,3579.6,17898,0,0,17898,0,1,2,File transfer,0
259,22071.631313704806,30.481909814539552,85.21865372086798,70.0,350.0,54.061486875917026,0.11769077148470869,0.8915320372316247,8.496842933262,724.0895156502585,154,105,1.4666666666666666,13,19.923076923076923,259,0,0,0,259,2,2,Messaging,0
185,18130.0,92.0,98.0,98.0,98.0,0.0,0.5072158089511766,0.005,2.010869565217391,197.06521739130434,92,92,1.0,185,1.0,0,0,0,0,0,1,0,ICMP/ping,0
35,3119.454627759588,422.2670389810292,89.12727507884537,78.0,120.0,8.0,12.06477254231512,0.2,0.08288593891784296,7.387397878098965,17,18,1.0,17,2.0,0,35,0,0,35,1,1,Tunnel keep-alive,0
1590,370601.88020313013,31.36562608817782,233.0829435239812,200.02838104843673,258.1962679906175,10.468496412797966,0.023598010342784755,0.004374722118659911,50.69243622078678,11815.542248742664,797,793,1.005044136191677,3,530.0,1590,0,0,0,1590,1,2,VoIP,0
4551,5491362.028701629,93.84062623134903,1206.6275606903162,80.0,1420.0,285.3219104650809,0.020619781637299283,0.07074062069635648,48.49711881483227,58517.9601760495,651,3900,0.16692307692307692,56,81.26785714285714,4551,0,0,4551,0,2,2,Video streaming,0
236,212488.96533562444,12.853210016733659,900.3769717611206,60.0,1420.0,408.415202011651,0.054462754308193466,0.2879256015976343,18.36117201016325,16531.976452495834,82,154,0.5324675324675324,27,8.74074074074074,236,0,0,236,0,4,2,Web browsing,0
20161,27627210.396638136,89.31256135137008,1370.3293684161567,70.0,1420.0,172.45579091588183,0.004429966834550374,0.0038036106911258746,225.7353242919925,309331.7443662624,18715,1446,12.942600276625173,12,1680.0833333333333,20161,0,0,20161,0,1,2,File transfer,0
254,34063.233595160156,117.3019732702121,134.1072188785833,70.0,350.0,26.544659549702203,0.46181879240240986,1.9140088193701084,2.1653514678299217,290.3892632453289,127,127,1.0,14,18.142857142857142,254,0,0,0,254,2,2,Messaging,0
49,4802.0,24.0,98.0,98.0,98.0,0.0,0.5137846962746151,0.005,2.0416666666666665,200.08333333333334,24,24,1.0,49,1.0,0,0,0,0,0,1,0,ICMP/ping,0
22,2049.481409189928,539.8667414717193,93.15824587226946,78.0,120.0,8.0,24.5393973396236,0.2,0.04075079702080974,3.7962727683555393,11,11,1.0,11,2.0,0,22,0,0,22,1,1,Tunnel keep-alive,0
507,92954.2197266059,10.368422487299439,183.34165626549486,159.45238588184858,214.58061846535963,9.718462263910478,0.016125095851596827,0.0013374835857540201,48.898470391328864,8965.126550395495,253,254,0.9960629921259843,8,63.375,507,0,0,0,507,1,2,VoIP,0
5210,5793788.30899015,66.04597605466222,1112.051498846478,80.0,1420.0,212.2210846569413,0.012676770835827682,0.023533746352843655,78.88444249333224,87723.5625103789,1016,4194,0.24225083452551263,17,306.47058823529414,5210,0,0,5210,0,2,2,Video streaming,0
1006,907398.682345305,30.66757357069753,901.986761774657,60.0,1420.0,357.9064684780158,0.030484665577234126,0.05939155738599515,32.80337773319047,29588.212456831363,410,596,0.6879194630872483,29,34.689655172413794,1006,0,0,1006,0,4,2,Web browsing,0
6259,8851734.955284027,55.783538579464,1414.2410856820622,70.0,1420.0,116.82365791084919,0.008912532126452148,0.0027094126929491803,112.20155908689829,158680.0547382751,5608,651,8.614439324116743,18,347.72222222222223,6259,0,0,6259,0,1,2,File transfer,0
287,34095.1293341311,52.06870680963488,118.79836004923729,70.0,350.0,45.809505782133265,0.1814240655387975,2.127429363046361,5.511947916226969,654.8103731245748,162,125,1.296,6,47.833333333333336,287,0,0,0,287,2,2,Messaging,0
61,5978.0,30.0,98.0,98.0,98.0,0.0,0.4975986108597569,0.005,2.033333333333333,199.26666666666668,30,30,1.0,61,1.0,0,0,0,0,0,1,0,ICMP/ping,0
38,3887.2909003033606,204.8551938180478,102.2971289553516,78.0,120.0,8.0,5.390926153106522,0.2,0.1854968833924297,18.9757986012112,19,19,1.0,19,2.0,0,38,0,0,38,1,1,Tunnel keep-alive,0
391,74942.31628984677,7.327357829625415,191.668328107025,160.28372386519604,230.0837450997465,19.526286957506116,0.020065597226546668,0.0031622107015556967,53.36166311124299,10227.740753542254,198,193,1.0259067357512954,2,195.5,391,0,0,0,391,1,2,VoIP,0
10196,13440060.78792056,44.23142115844101,1318.1699478148844,80.0,1420.0,335.90286065665447,0.004338115060655258,0.04791178459589409,230.51486325698178,303857.76527001086,1661,8535,0.19461042765084943,42,242.76190476190476,10196,0,0,10196,0,2,2,Video streaming,0
2079,1605401.3872372084,24.62237696920882,772.1988394599367,60.0,1420.0,374.6405674183892,0.011843375165564607,0.17592985864748906,84.43538991381155,65200.91010079252,882,1197,0.7368421052631579,19,109.42105263157895,2079,0,0,2079,0,4,2,Web browsing,0
16692,23567935.8738691,40.45310793326942,1411.9300188035645,70.0,1420.0,196.78645659513552,0.002423502751813409,0.009008527546794796,412.625898300194,582598.8923458307,15190,1502,10.11318242343542,16,1043.25,16692,0,0,16692,0,1,2,File transfer,0
118,18108.383123788535,161.650006235648,153.4608739304113,70.0,350.0,49.31509811535594,1.3699153070817627,1.7708887189114806,0.7299721339198931,112.02216161619405,70,48,1.4583333333333333,9,13.11111111111111,118,0,0,0,118,2,2,Messaging,0
46,3864.0,23.0,84.0,84.0,84.0,0.0,0.491580062202384,0.005,2.0,168.0,23,23,1.0,46,1.0,0,0,0,0,0,1,0,ICMP/ping,0
22,2053.2133193169543,452.72497404431437,93.32787815077064,78.0,120.0,8.0,20.5784079111052,0.2,0.04859462424497607,4.535233170317611,11,11,1.0,11,2.0,0,22,0,0,22,1,1,Tunnel keep-alive,0
1512,255350.64955895004,30.433400853429042,168.88270473475532,140.07064245357182,206.02170733214308,15.263136127827298,0.01993389540798719,0.004529764765390327,49.68225560074524,8390.473703177302,752,760,0.9894736842105263,4,378.0,1512,0,0,0,1512,1,2,VoIP,0
7671,9618985.734221905,16.573850159622285,1253.9415635799642,80.0,1420.0,247.18814501210997,0.002160585342148649,0.04584620036890648,462.8375378153425,580371.2258516714,1488,6183,0.24065987384764678,40,191.775,7671,0,0,7671,0,2,2,Video streaming,0
602,547136.9972307693,26.78299625895067,908.8654439049324,60.0,1420.0,379.87353463956003,0.04449002700822371,0.15619854533285293,22.47694746993874,20428.520839893717,215,387,0.5555555555555556,32,18.8125,602,0,0,602,0,4,2,Web browsing,0
10593,14899930.883778688,81.76031250849664,1406.582732349541,70.0,1420.0,113.73033751416044,0.0077183340421501595,0.004027111540440238,129.56163785331864,182239.16257940265,9625,968,9.943181818181818,13,814.8461538461538,10593,0,0,10593,0,1,2,File transfer,0
229,30176.65628786464,75.83182819459074,131.77579165006392,70.0,350.0,51.376226624336,0.3311433545615316,1.7322407139615068,3.0198401575175935,397.94182741353467,99,130,0.7615384615384615,13,17.615384615384617,229,0,0,0,229,2,2,Messaging,0
147,14406.0,73.0,98.0,98.0,98.0,0.0,0.4919138750111821,0.005,2.0136986301369864,197.34246575342465,73,73,1.0,147,1.0,0,0,0,0,0,1,0,ICMP/ping,0
11,1010.0742905892896,363.5581670668959,91.82493550811724,78.0,120.0,8.0,33.0507424606269,0.2,0.03025650637625743,2.7783017467007762,5,6,1.0,5,2.0,0,11,0,0,11,1,1,Tunnel keep-alive,0
332,71532.32695010175,6.518674209972783,215.45881611476432,190.4107818159213,248.5951207365333,7.973093978532795,0.023009116936287387,0.0015760128956792884,50.930601730652555,10973.447152898965,162,170,0.9529411764705882,6,55.333333333333336,332,0,0,0,332,1,2,VoIP,0
10319,13838473.778218023,57.408665992290956,1341.067329994963,80.0,1420.0,207.43902623301292,0.005563394320408078,0.016627669335335656,179.7463818682997,241052.0004083757,1065,9254,0.11508536848930193,37,278.8918918918919,10319,0,0,10319,0,2,2,Video streaming,0
2971,1881465.8676072315,15.518317099186675,633.2769665456855,60.0,1420.0,442.314337254939,0.0052232639175990156,0.15142860604523695,191.4511722508694,121241.61760464609,909,2062,0.44083414161008727,9,330.1111111111111,2971,0,0,2971,0,4,2,Web browsing,0
9280,12986370.316370972,33.87056702524072,1399.3933530572167,70.0,1420.0,126.80471873786378,0.0036498455846164565,0.008303193452365135,273.9841938011974,383411.659648136,7939,1341,5.92020879940343,16,580.0,9280,0,0,9280,0,1,2,File transfer,0
238,34092.49990191379,21.99351083068208,143.2457979072008,70.0,350.0,57.36131964522557,0.09240970937261378,2.4158782013934754,10.821373714831275,1550.1163122330154,126,112,1.125,12,19.833333333333332,238,0,0,0,238,2,2,Messaging,0
20,1960.0,10.0,98.0,98.0,98.0,0.0,0.5022400313333153,0.005,2.0,196.0,10,10,1.0,20,1.0,0,0,0,0,0,1,0,ICMP/ping,0
52,5517.7227078082815,559.3156491744132,106.11005207323618,78.0,120.0,8.0,10.756070176431024,0.2,0.09297075824135338,9.86513199827826,26,26,1.0,26,2.0,0,52,0,0,52,1,1,Tunnel keep-alive,0
556,124800.32952166736,11.24200918880898,224.4610243195456,189.9097636109016,257.0584723232092,10.396841200728943,0.020785516959219142,0.0026232483688010864,49.457351498473976,11101.247777479282,278,278,1.0,8,69.5,556,0,0,0,556,1,2,VoIP,0
14201,17820556.450986464,64.16419351247693,1254.880392295364,80.0,1420.0,241.54319271869147,0.004518286987710508,0.014605875245666729,221.32281608493327,277733.6622725758,2422,11779,0.20562017149163767,15,946.7333333333333,14201,0,0,14201,0,2,2,Video streaming,0
148,126943.27396737668,58.13118025216147,857.7248241038965,60.0,1420.0,369.59515723360397,0.39277824494703695,0.14295919614160485,2.5459658544348405,2183.73811466965,44,104,0.4230769230769231,38,3.8947368421052633,148,0,0,148,0,4,2,Web browsing,0
2233,3085532.8773973486,80.24240245421394,1381.7881224349971,70.0,1420.0,108.47661544263332,0.03593479733731032,0.008268632826066777,27.82817976161846,38452.64826359036,2070,163,12.699386503067485,13,171.76923076923077,2233,0,0,2233,0,1,2,File transfer,0
160,22342.918588202447,155.2676241048274,139.6432411762653,70.0,350.0,47.327022529592725,0.9704226506551713,0.630832143251657,1.0304788324189051,143.89940412250945,89,71,1.2535211267605635,14,11.428571428571429,160,0,0,0,160,2,2,Messaging,0
43,3612.0,21.0,84.0,84.0,84.0,0.0,0.5134838637198815,0.005,2.0476190476190474,172.0,21,21,1.0,43,1.0,0,0,0,0,0,1,0,ICMP/ping,0
44,4361.2939572348905,589.6110341699798,99.12031720988388,78.0,120.0,8.0,13.40025077659045,0.2,0.07462546908054501,7.396900167200004,22,22,1.0,22,2.0,0,44,0,0,44,1,1,Tunnel keep-alive,0
274,52732.241637627994,5.7172192235713055,192.45343663367882,153.2577609049245,225.9765833027477,18.616262003618566,0.026789698517256606,0.003919082046294725,47.92539682059695,9223.407320156666,134,140,0.9571428571428572,7,39.142857142857146,274,0,0,0,274,1,2,VoIP,0
12877,16070678.399422728,49.54110840393379,1248.0141647451057,80.0,1420.0,217.32587992346993,0.0038472554480029346,0.032827423964715545,259.92555303783854,324390.7719704277,1571,11306,0.13895276844153548,53,242.96226415094338,12877,0,0,12877,0,2,2,Video streaming,0
425,375828.3670852516,32.48257766555973,884.302040200592,60.0,1420.0,359.2015811725802,0.07642959450719937,0.22864058652328906,13.083937006964023,11570.152189114313,167,258,0.6472868217054264,13,32.69230769230769,425,0,0,425,0,4,2,Web browsing,0
22080,30852424.05703326,60.30579162433393,1397.3018141772309,70.0,1420.0,197.92632914045163,0.002731240562696283,0.007267261892797276,366.1339882169878,511599.68596754194,20251,1829,11.072170585019137,10,2208.0,22080,0,0,22080,0,1,2,File transfer,0
37,3243.568966433841,136.412427985305,87.66402611983354,70.0,350.0,50.01087317887087,3.686822377981216,1.2932224594397632,0.2712362835737065,23.777664647851985,18,19,0.9473684210526315,3,12.333333333333334,37,0,0,0,37,2,2,Messaging,0
61,5124.0,30.0,84.0,84.0,84.0,0.0,0.5079460038294521,0.005,2.033333333333333,170.8,30,30,1.0,61,1.0,0,0,0,0,0,1,0,ICMP/ping,0
32,3255.559119816911,359.14377293426844,101.73622249427846,78.0,120.0,8.0,11.223242904195889,0.2,0.08910080700704989,9.064779526088993,16,16,1.0,16,2.0,0,32,0,0,32,1,1,Tunnel keep-alive,0
804,163626.1794605346,15.863219083809666,203.51514858275448,171.35789210113487,231.58243468328155,15.147082152386165,0.022863287229757858,0.0017597310649214368,50.6832816058488,10314.815586675904,402,402,1.0,4,201.0,804,0,0,0,804,1,2,VoIP,0
6780,7972418.678127472,71.61275813102833,1175.8729613757334,80.0,1420.0,284.31663239348444,0.010562353706641346,0.010410530952101291,94.67586749828543,111326.79268602542,731,6049,0.12084642089601587,50,135.6,6780,0,0,6780,0,2,2,Video streaming,0
2996,1790522.7950286658,9.283344400020992,597.6377820522916,60.0,1420.0,456.0205394315758,0.0030985795727706917,0.28000954102726316,322.7285201218243,192874.7569706255,1020,1976,0.5161943319838057,35,85.6,2996,0,0,2996,0,4,2,Web browsing,0
2519,3473529.246592392,61.20292652602446,1378.931816829056,70.0,1420.0,166.91541555348508,0.024296517080597248,0.004692733496853959,41.158162574609584,56754.29989635205,2259,260,8.688461538461539,5,503.8,2519,0,0,2519,0,1,2,File transfer,0
237,34446.8171041008,52.48089309325302,145.3452198485266,70.0,350.0,34.2499957841512,0.22143836748208026,0.94303764219698,4.515929246456914,656.3687291466713,127,110,1.1545454545454545,5,47.4,237,0,0,0,237,2,2,Messaging,0
72,6048.0,36.0,84.0,84.0,84.0,0.0,0.49153565698541024,0.005,2.0,168.0,36,36,1.0,72,1.0,0,0,0,0,0,1,0,ICMP/ping,0
19,1923.877719805517,75.72684389411685,101.25672209502721,78.0,120.0,8.0,3.9856233628482554,0.2,0.2509017809664202,25.405491908464196,9,10,1.0,9,2.0,0,19,0,0,19,1,1,Tunnel keep-alive,0
1907,410008.6996492426,38.560756451054736,215.00194003630972,183.07406804246048,242.32250535124,17.10660530479269,0.02731172772777266,0.0030931449972009992,49.45442401838148,10632.79710733029,957,950,1.0073684210526315,6,317.8333333333333,1907,0,0,0,1907,1,2,VoIP,0
5311,6545055.126602049,96.01258377670297,1232.3583367731217,80.0,1420.0,300.92388328371266,0.018078061339993026,0.04712969542290699,55.31566583346849,68168.72194403103,883,4428,0.19941282746160796,39,136.17948717948718,5311,0,0,5311,0,2,2,Video streaming,0
2198,1839755.4630535727,21.81361746957687,837.0134044829721,60.0,1420.0,428.67508613284645,0.00992430276140895,0.2129670234119015,100.76274616374465,84339.76921156945,916,1282,0.7145085803432137,8,274.75,2198,0,0,2198,0,4,2,Web browsing,0
7435,10252755.29212429,97.54198689349768,1378.985244401384,70.0,1420.0,134.56569355418594,0.013119298842434119,0.007689650277016691,76.22358572742617,105111.19999348462,6645,790,8.41139240506329,8,929.375,7435,0,0,7435,0,1,2,File transfer,0
71,9614.581540286106,103.38548208162254,135.41664141248037,70.0,350.0,57.19166890522012,1.4561335504453878,2.869658604997672,0.6867501951961272,92.99740492282487,29,42,0.6904761904761905,11,6.454545454545454,71,0,0,0,71,2,2,Messaging,0
137,11508.0,68.0,84.0,84.0,84.0,0.0,0.49203673354670485,0.005,2.014705882352941,169.23529411764707,68,68,1.0,137,1.0,0,0,0,0,0,1,0,ICMP/ping,0
7,655.7469271273053,468.4322695615625,93.6781324467579,78.0,120.0,8.0,66.9188956516518,0.2,0.014943462384757937,1.3998756484924988,3,4,1.0,3,2.0,0,7,0,0,7,1,1,Tunnel keep-alive,0
1994,382179.11238907883,39.98198135297446,191.66454984407164,161.71396352352258,216.92615044255547,15.865795339970669,0.020803810356123643,0.001758222034147762,49.87246585896515,9558.783718472387,1000,994,1.0060362173038229,2,997.0,1994,0,0,0,1994,1,2,VoIP,0
12249,15285855.183542239,19.765059365185593,1247.9267845164698,80.0,1420.0,226.74972686423246,0.0016136059568279528,0.026755888543943243,619.729987837807,773377.6509908654,1736,10513,0.16512888804337486,40,306.225,12249,0,0,12249,0,2,2,Video streaming,0
2986,2740824.973919214,22.631217230907446,917.8918197987991,60.0,1420.0,370.2467729107463,0.007579108248796867,0.12404419138974963,131.94164368331107,121108.15542771913,1152,1834,0.6281352235550709,8,373.25,2986,0,0,2986,0,4,2,Web browsing,0
4514,6336919.833441505,41.20468851123201,1403.8369148075997,70.0,1420.0,175.6789222902397,0.009128198606830307,0.003988006319059113,109.55064006295125,153791.23256117132,4172,342,12.198830409356725,6,752.3333333333334,4514,0,0,4514,0,1,2,File transfer,0
148,21788.80030397284,32.15405797551946,147.22162367549217,70.0,350.0,33.82508148144636,0.21725714848323957,2.5192559226101423,4.602840491009876,677.6376506057735,66,82,0.8048780487804879,10,14.8,148,0,0,0,148,2,2,Messaging,0
197,16548.0,98.0,84.0,84.0,84.0,0.0,0.5193961190860744,0.005,2.010204081632653,168.85714285714286,98,98,1.0,197,1.0,0,0,0,0,0,1,0,ICMP/ping,0
18,1887.7306767584955,196.7286282197874,104.87392648658309,78.0,120.0,8.0,10.929368234432633,0.2,0.09149659692584346,9.59560737977343,9,9,1.0,9,2.0,0,18,0,0,18,1,1,Tunnel keep-alive,0
1761,367371.66636637086,34.763433357235634,208.61536988436734,173.56845583372822,228.96827308793945,12.75509424814563,0.018904186242177497,0.0031182907228506996,50.65667656884261,10567.761319521866,880,881,0.9988649262202043,7,251.57142857142858,1761,0,0,0,1761,1,2,VoIP,0
11139,14797197.887138924,84.98973354535764,1328.4134919776393,80.0,1420.0,320.4555741151208,0.0076299249075642015,0.03906830063009744,131.0628888376888,174105.70982955134,1429,9710,0.14716786817713698,46,242.15217391304347,11139,0,0,11139,0,2,2,Video streaming,0
2947,2207352.5054797907,31.526022819791557,749.0167986018971,60.0,1420.0,457.9368837124038,0.010697666379298119,0.13971717274846468,93.47833111856781,70016.84031307776,1153,1794,0.6426978818283167,17,173.35294117647058,2947,0,0,2947,0,4,2,Web browsing,0
5201,7154267.675037605,37.4070870236245,1375.5561767040194,70.0,1420.0,185.12611673620603,0.007192287449264468,0.00818635818637383,139.03782448270567,191254.33826267513,4559,642,7.101246105919003,7,743.0,5201,0,0,5201,0,1,2,File transfer,0
187,19619.635160646703,67.67034788990739,104.9178350836722,70.0,350.0,39.92794878246741,0.361873518127847,1.5966694300789386,2.763396462867747,289.9295743619614,82,105,0.780952380952381,12,15.583333333333334,187,0,0,0,187,2,2,Messaging,0
52,4368.0,26.0,84.0,84.0,84.0,0.0,0.4917851514337632,0.005,2.0,168.0,26,26,1.0,52,1.0,0,0,0,0,0,1,0,ICMP/ping,0
52,4695.693763527957,184.59667871180903,90.30180314476841,78.0,120.0,8.0,3.5499361290732505,0.2,0.28169520905184875,25.437585314624428,26,26,1.0,26,2.0,0,52,0,0,52,1,1,Tunnel keep-alive,0
652,144089.02823914957,13.131301148923244,220.99544208458522,200.64968118931796,251.98913435771678,17.866462186790443,0.021099949436441882,0.0028964083033690678,49.65235300033184,10972.943701848217,322,330,0.9757575757575757,9,72.44444444444444,652,0,0,0,652,1,2,VoIP,0
11441,14848844.554284377,47.9056255299669,1297.8624730604297,80.0,1420.0,341.5661180517224,0.004187188666197613,0.010268120335022581,238.8237263041935,309960.35204666783,1416,10025,0.14124688279301745,16,715.0625,11441,0,0,11441,0,2,2,Video streaming,0
2692,1820311.4079554914,47.03383789381675,676.1929450057546,60.0,1420.0,468.49617500251594,0.017471707984330145,0.2098238681663644,57.235388829579236,38702.16613122266,1152,1540,0.7480519480519481,17,158.35294117647058,2692,0,0,2692,0,4,2,Web browsing,0
19216,27620924.52453328,89.39851635042915,1437.3919923258368,70.0,1420.0,199.97515634290443,0.004652295813407013,0.007524380777676574,214.9476387804478,308964.01475236216,16553,2663,6.215921892602328,13,1478.1538461538462,19216,0,0,19216,0,1,2,File transfer,0
234,30292.404600327376,24.697776210425893,129.45472051421956,70.0,350.0,20.05713372316707,0.10554605218130723,1.6239583823006558,9.474537221744665,1226.5235680425258,132,102,1.2941176470588236,9,26.0,234,0,0,0,234,2,2,Messaging,0
171,14364.0,85.0,84.0,84.0,84.0,0.0,0.4927581373405815,0.005,2.011764705882353,168.98823529411766,85,85,1.0,171,1.0,0,0,0,0,0,1,0,ICMP/ping,0
38,3474.0794708990043,146.26470852632985,91.42314397102643,78.0,120.0,8.0,3.8490712770086803,0.2,0.259802931157241,23.752000779283115,19,19,1.0,19,2.0,0,38,0,0,38,1,1,Tunnel keep-alive,0
781,156696.65726964493,15.18450075868656,200.63592480108187,169.44001035748659,231.03823309112977,14.1609766946693,0.021364928507357064,0.00205719901109502,51.43402555090362,10319.513282648022,388,393,0.9872773536895675,5,156.2,781,0,0,0,781,1,2,VoIP,0
14339,18498607.98445728,98.73544402399375,1290.0905212676812,80.0,1420.0,321.0167213759471,0.006885797058650795,0.0209842090426059,145.2264700051936,187355.29239086548,1455,12884,0.11293076684259547,32,448.09375,14339,0,0,14339,0,2,2,Video streaming,0
1645,1240513.3672379174,8.010974024277733,754.1114694455424,60.0,1420.0,403.252289920437,0.004869893023877041,0.17047504177749434,205.34331967807282,154851.7525432573,617,1028,0.6001945525291829,11,149.54545454545453,1645,0,0,1645,0,4,2,Web browsing,0
24715,34656329.65073462,75.63162241878112,1402.2387072925194,70.0,1420.0,155.05453006199954,0.0030601506137479715,0.008432994037841333,326.7813013867422,458225.3896239126,21757,2958,7.355307640297498,5,4943.0,24715,0,0,24715,0,1,2,File transfer,0
20,2977.5128089674645,127.02079623532181,148.87564044837322,70.0,350.0,30.391776646846417,6.351039811766091,1.136654216081117,0.15745453179924582,23.441144263111468,11,9,1.2222222222222223,13,1.5384615384615385,20,0,0,0,20,2,2,Messaging,0
154,12936.0,77.0,84.0,84.0,84.0,0.0,0.5017465468063896,0.005,2.0,168.0,77,77,1.0,154,1.0,0,0,0,0,0,1,0,ICMP/ping,0
33,2746.1673319314255,178.47027016597298,83.21719187670986,78.0,120.0,8.0,5.408190005029484,0.2,0.18490474614797642,15.38725373911048,16,17,1.0,16,2.0,0,33,0,0,33,1,1,Tunnel keep-alive,0
298,62184.51777089847,5.995413335511468,208.6728784258338,169.51463691152082,245.1582381442913,13.4726215507614,0.021572600625228408,0.001718627863347384,49.70466310219422,10372.0151207212,149,149,1.0,1,298.0,298,0,0,0,298,1,2,VoIP,0
13234,15778929.617655152,97.50988311193129,1192.3023740105148,80.0,1420.0,235.33489018917518,0.007368133830431562,0.07527527671681677,135.7195760844953,161818.77276524442,2460,10774,0.22832745498422127,23,575.3913043478261,13234,0,0,13234,0,2,2,Video streaming,0
1081,877615.7243659432,31.522387668552962,811.8554341960622,60.0,1420.0,428.0485439287079,0.029160395623083223,0.29381113382098967,34.29308754674114,27841.0294801831,480,601,0.7986688851913477,13,83.15384615384616,1081,0,0,1081,0,4,2,Web browsing,0
11969,16426345.912488509,82.99941096747864,1372.4075455333368,70.0,1420.0,167.6093034164577,0.006934531787741552,0.004645009887287936,144.20584267386874,197909.18659561072,11288,681,16.57562408223201,17,704.0588235294117,11969,0,0,11969,0,1,2,File transfer,0
34,4233.193690984204,96.95935893761381,124.50569679365306,70.0,350.0,56.74086121772485,2.8517458511062888,2.760284151198763,0.3506623844519897,43.659464515518835,14,20,0.7,8,4.25,34,0,0,0,34,2,2,Messaging,0
132,11088.0,66.0,84.0,84.0,84.0,0.0,0.4866929486866907,0.005,2.0,168.0,66,66,1.0,132,1.0,0,0,0,0,0,1,0,ICMP/ping,0
11,772.4235494585844,98.73708562360949,70.22032267805312,78.0,120.0,8.0,8.976098693055407,0.2,0.11140697469978533,7.8230337120046265,5,6,1.0,5,2.0,0,11,0,0,11,1,1,Tunnel keep-alive,0
801,178799.06444990198,15.951918531145829,223.21980580512107,191.1709836078922,245.36474247503799,12.622532095159448,0.017213461948961697,0.0039419135533329906,50.213395864332064,11208.624473651873,403,398,1.0125628140703518,8,100.125,801,0,0,0,801,1,2,VoIP,0
2098,2367758.7961132857,79.7278408015686,1128.5790257927958,80.0,1420.0,258.9258614722104,0.038001830696648524,0.022575585256873934,26.314521739295905,29698.01730873792,331,1767,0.1873231465761177,42,49.95238095238095,2098,0,0,2098,0,2,2,Video streaming,0
1712,1467832.682031418,32.66899301493849,857.3789030557348,60.0,1420.0,362.4371872091722,0.01908235573302482,0.20500033336935208,52.40443129719844,44930.45382085162,600,1112,0.539568345323741,15,114.13333333333334,1712,0,0,1712,0,4,2,Web browsing,0
6922,9512240.429857636,49.12103334848232,1374.2040493871186,70.0,1420.0,176.87641807211605,0.007096364251442115,0.0033902883847662393,140.91723093227367,193649.02937555025,6414,508,12.625984251968504,13,532.4615384615385,6922,0,0,6922,0,1,2,File transfer,0
151,19163.50064376515,89.1327853147489,126.91060028983543,70.0,350.0,57.72783398773803,0.5902833464552907,2.8293285618845614,1.694101664912449,214.99945924604853,66,85,0.7764705882352941,3,50.333333333333336,151,0,0,0,151,2,2,Messaging,0
172,16856.0,86.0,98.0,98.0,98.0,0.0,0.5014290938763817,0.005,2.0,196.0,86,86,1.0,172,1.0,0,0,0,0,0,1,0,ICMP/ping,0
34,3852.8018279011358,562.2029040071792,113.31770082062164,78.0,120.0,8.0,16.53537952962292,0.2,0.06047638629694063,6.853045049109061,17,17,1.0,17,2.0,0,34,0,0,34,1,1,Tunnel keep-alive,0
438,81013.0258153816,9.015886379567815,184.96124615383926,162.6531869675511,220.99203536822077,12.940859320213,0.019871455833213834,0.0029263565608774506,48.58091390688044,8985.586375508985,216,222,0.972972972972973,8,54.75,438,0,0,0,438,1,2,VoIP,0
6255,8350641.659214535,80.77066975767366,1335.0346377641142,80.0,1420.0,327.723377246982,0.012912976779803942,0.04381463716353119,77.44147744182523,103387.05478446497,885,5370,0.164804469273743,51,122.6470588235294,6255,0,0,6255,0,2,2,Video streaming,0
2115,1578724.8457514988,16.031056277343843,746.4420074475172,60.0,1420.0,382.30389242819126,0.007579695639406072,0.12296679425909994,131.9314188291547,98479.15311623338,689,1426,0.4831697054698457,15,141.0,2115,0,0,2115,0,4,2,Web browsing,0
9171,12376326.93542114,91.97508042907785,1349.506807918563,70.0,1420.0,193.44107945712148,0.010028904201186115,0.001436178092282401,99.71179103313506,134561.74082896888,7988,1183,6.752324598478444,8,1146.375,9171,0,0,9171,0,1,2,File transfer,0
158,29104.268707586143,16.724776115644232,184.20423232649458,70.0,350.0,36.12155031628529,0.10585301339015336,2.1228849120771818,9.447062185317264,1740.188837587023,85,73,1.1643835616438356,12,13.166666666666666,158,0,0,0,158,2,2,Messaging,0
111,10878.0,55.0,98.0,98.0,98.0,0.0,0.4984562646527607,0.005,2.018181818181818,197.78181818181818,55,55,1.0,111,1.0,0,0,0,0,0,1,0,ICMP/ping,0
24,2001.381232657594,88.86770480660181,83.39088469406641,78.0,120.0,8.0,3.7028210336084086,0.2,0.2700643619887558,22.520906070580942,12,12,1.0,12,2.0,0,24,0,0,24,1,1,Tunnel keep-alive,0
1080,233660.97223053125,21.57517086602263,216.3527520653067,186.39378021366142,242.5534325455557,17.179516135862023,0.01775571180613506,0.004468608604004488,50.05754099036238,10830.0867548868,538,542,0.992619926199262,1,1080.0,1080,0,0,0,1080,1,2,VoIP,0
3960,5212507.753727078,107.04585891228416,1316.2898367997673,80.0,1420.0,346.0049849228431,0.027031782553607112,0.06533972868838087,36.99349082942961,48694.15600652359,492,3468,0.14186851211072665,57,69.47368421052632,3960,0,0,3960,0,2,2,Video streaming,0
2411,1757352.966066233,10.120893607961454,728.8896582605695,60.0,1420.0,420.22129128061033,0.004197799090817691,0.2718854769316034,238.22007160547778,173636.1465833251,955,1456,0.6559065934065934,34,70.91176470588235,2411,0,0,2411,0,4,2,Web browsing,0
7108,9915954.378356,36.35315800634519,1395.0414150754082,70.0,1420.0,131.90439298728074,0.005114400394815024,0.0097207107587407,195.52634185892043,272767.34463138634,6705,403,16.63771712158809,6,1184.6666666666667,7108,0,0,7108,0,1,2,File transfer,0
274,22280.881007688113,81.71107203885109,81.31708396966465,70.0,350.0,47.65207077340916,0.2982155913826682,2.7570732675899117,3.353278731549642,272.6788481871128,156,118,1.3220338983050848,9,30.444444444444443,274,0,0,0,274,2,2,Messaging,0
24,2352.0,12.0,98.0,98.0,98.0,0.0,0.5013737283879822,0.005,2.0,196.0,12,12,1.0,24,1.0,0,0,0,0,0,1,0,ICMP/ping,0
51,4306.198822044307,283.2049283304438,84.43527102047662,78.0,120.0,8.0,5.553037810400859,0.2,0.1800816119290592,15.205239709034407,25,26,1.0,25,2.0,0,51,0,0,51,1,1,Tunnel keep-alive,0
1469,284939.95289932995,29.17251502034103,193.96865411799178,166.89715164534627,216.61803319834888,15.084239787697282,0.016684798052420076,0.0030347677629175038,50.355617229975365,9767.41130137908,729,740,0.9851351351351352,8,183.625,1469,0,0,0,1469,1,2,VoIP,0
6985,8658200.309562527,61.98334383482412,1239.5419197655729,80.0,1420.0,328.19285386827164,0.008873778644928292,0.06615421061850996,112.69156466637115,139685.9184079399,942,6043,0.15588283964918087,17,410.88235294117646,6985,0,0,6985,0,2,2,Video streaming,0
1225,1177474.4579956506,13.779801622539207,961.2036391801229,60.0,1420.0,484.44223282456824,0.011248817651052413,0.15112276611297737,88.89823188719237,85449.30400664776,451,774,0.582687338501292,17,72.05882352941177,1225,0,0,1225,0,4,2,Web browsing,0
6144,8673601.508891035,83.87562130343659,1411.7189955877334,70.0,1420.0,139.19980438891486,0.013651631071522882,0.0043183263160356524,73.2513202825988,103410.28029482574,5646,498,11.337349397590362,12,512.0,6144,0,0,6144,0,1,2,File transfer,0
290,32023.168625588343,100.70425370410851,110.42471939858049,70.0,350.0,20.00964018740538,0.3472560472555466,1.1031108400950695,2.879719468971832,317.99221430784377,128,162,0.7901234567901234,5,58.0,290,0,0,0,290,2,2,Messaging,0
82,8036.0,41.0,98.0,98.0,98.0,0.0,0.5036427976078166,0.005,2.0,196.0,41,41,1.0,82,1.0,0,0,0,0,0,1,0,ICMP/ping,0
28,2257.3331934322405,332.302268828237,80.61904262258003,78.0,120.0,8.0,11.867938172437036,0.2,0.0842606344480689,6.793011679974501,14,14,1.0,14,2.0,0,28,0,0,28,1,1,Tunnel keep-alive,0
668,131233.35398950308,12.89642544330172,196.45711675075313,161.65676074758886,222.65178172967336,17.88128038413776,0.021027495400731244,0.0038018194616974317,51.79729863416943,10175.947945146649,335,333,1.006006006006006,4,167.0,668,0,0,0,668,1,2,VoIP,0
5512,7389686.306850574,10.320288961716761,1340.6542646681012,80.0,1420.0,268.1321629647871,0.0018723310888455662,0.07044010101652372,534.0935724229072,716034.8256005918,1056,4456,0.236983842010772,44,125.27272727272727,5512,0,0,5512,0,2,2,Video streaming,0
1615,1064609.7307163873,13.452627469398575,659.2010716510138,60.0,1420.0,479.4446069713213,0.008329800290649272,0.11650534418220045,120.05089739337008,79137.68021437545,627,988,0.6346153846153846,18,89.72222222222223,1615,0,0,1615,0,4,2,Web browsing,0
23823,33850314.544981025,11.61893184151489,1420.9089764085559,70.0,1420.0,179.52878490476843,0.0004877190883396251,0.0022194506703596033,2050.3605946701146,2913375.7738411506,21315,2508,8.498803827751196,9,2647.0,23823,0,0,23823,0,1,2,File transfer,0
124,19469.274298206194,168.07798198995943,157.01027659843706,70.0,350.0,39.351875863311854,1.3554675966932213,1.7261227418398748,0.7377527891036165,115.83476947842723,52,72,0.7222222222222222,3,41.333333333333336,124,0,0,0,124,2,2,Messaging,0
139,13622.0,69.0,98.0,98.0,98.0,0.0,0.47880360524953186,0.005,2.0144927536231885,197.42028985507247,69,69,1.0,139,1.0,0,0,0,0,0,1,0,ICMP/ping,0
30,3130.2626473862374,569.3874604120408,104.34208824620791,78.0,120.0,8.0,18.979582013734692,0.2,0.052688199312099906,5.49759674215692,15,15,1.0,15,2.0,0,30,0,0,30,1,1,Tunnel keep-alive,0
1057,243009.9639357467,20.923745509960458,229.90535850117948,200.90431989010165,256.66169936761077,10.821481030162357,0.01716503854774511,0.0019691733168018663,50.51676811385561,11614.075683536927,532,525,1.0133333333333334,3,352.3333333333333,1057,0,0,0,1057,1,2,VoIP,0
1496,1991978.1684481162,11.475039925933542,1331.5362088556926,80.0,1420.0,208.74129523408618,0.007670481233912795,0.07448139156861844,130.36991676334355,173592.2647158947,280,1216,0.23026315789473684,40,37.4,1496,0,0,1496,0,2,2,Video streaming,0
1315,985645.5839538774,47.0808625398222,749.5403680257623,60.0,1420.0,414.915062256229,0.035802937292640453,0.17104612458064922,27.93066925840068,20935.16411514749,522,793,0.6582597730138714,31,42.41935483870968,1315,0,0,1315,0,4,2,Web browsing,0
7868,10577676.394265627,68.85947992782235,1344.3920175731605,70.0,1420.0,108.57942848994895,0.008751840356866084,0.0018184190492173706,114.26168202616604,153612.4932304603,7414,454,16.330396475770925,16,491.75,7868,0,0,7868,0,1,2,File transfer,0
84,13750.97721361579,31.607444341025868,163.70210968590226,70.0,350.0,34.26892677235625,0.376279099297927,1.981207484753991,2.6576017691809892,435.0550163199142,47,37,1.2702702702702702,4,21.0,84,0,0,0,84,2,2,Messaging,0
184,18032.0,92.0,98.0,98.0,98.0,0.0,0.4985290164780558,0.005,2.0,196.0,92,92,1.0,184,1.0,0,0,0,0,0,1,0,ICMP/ping,0
46,3324.0680780967473,192.16234300394072,72.26234952384233,78.0,120.0,8.0,4.177442239216103,0.2,0.2393809280263442,17.29822829038143,23,23,1.0,23,2.0,0,46,0,0,46,1,1,Tunnel keep-alive,0
1719,320946.2519408011,34.84944146913226,186.70520764444507,164.6032566401723,220.4732334586322,7.376786602711444,0.022068300860065768,0.004150707361343016,49.326472033205945,9209.50920332763,857,862,0.994199535962877,9,191.0,1719,0,0,0,1719,1,2,VoIP,0
13006,17539367.45291047,86.183008008534,1348.559699593301,80.0,1420.0,218.37221252754458,0.00662640381428064,0.04738252792432597,150.91141862572402,203513.05736710524,2444,10562,0.23139556902101874,40,325.15,13006,0,0,13006,0,2,2,Video streaming,0
1345,1127306.6407208156,47.11087851878507,838.1462012794168,60.0,1420.0,360.46992273421245,0.03502667547865061,0.16967543014233305,28.549669254494848,23928.796833438617,438,907,0.4829106945975744,25,53.8,1345,0,0,1345,0,4,2,Web browsing,0
4801,6538006.433567516,51.47818617426868,1361.800965125498,70.0,1420.0,148.64423871418745,0.01072238828874582,0.007646851355283169,93.26280424386388,127005.37682960423,4497,304,14.792763157894736,13,369.3076923076923,4801,0,0,4801,0,1,2,File transfer,0
288,43751.88749376401,141.6226951091141,151.91627602001392,70.0,350.0,46.24811921494427,0.49174546912886835,1.6791579569629007,2.0335723718441354,308.9327417477481,148,140,1.0571428571428572,4,72.0,288,0,0,0,288,2,2,Messaging,0
130,10920.0,65.0,84.0,84.0,84.0,0.0,0.5084265771026107,0.005,2.0,168.0,65,65,1.0,130,1.0,0,0,0,0,0,1,0,ICMP/ping,0
50,4735.80945973831,101.65796200647294,94.7161891947662,78.0,120.0,8.0,2.033159240129459,0.2,0.4918453902982662,46.5857210420642,25,25,1.0,25,2.0,0,50,0,0,50,1,1,Tunnel keep-alive,0
999,195012.44129246855,20.249973618206603,195.20764894140996,158.75244408076333,225.57412740220641,11.92709722343028,0.021628620044311014,0.0022577364232456215,49.333397605111266,9630.256560785556,498,501,0.9940119760479041,4,249.75,999,0,0,0,999,1,2,VoIP,0
1865,2387000.5203158525,17.71116282941862,1279.8930403838351,80.0,1420.0,265.7762025048455,0.00949660205330757,0.05277163880793472,105.30082174515358,134773.78889832087,302,1563,0.19321817018554063,20,93.25,1865,0,0,1865,0,2,2,Video streaming,0
1713,1635754.4171837044,19.432884493291795,954.9062563827814,60.0,1420.0,386.2646761219522,0.011344357555920488,0.1707535282109876,88.14954880173993,84174.55564810075,741,972,0.7623456790123457,26,65.88461538461539,1713,0,0,1713,0,4,2,Web browsing,0
2148,2982190.082459766,77.4753172105189,1388.3566491898353,70.0,1420.0,199.16861403927356,0.03606858343134027,0.007933940225131034,27.724959088110246,38492.13129849401,1871,277,6.754512635379061,14,153.42857142857142,2148,0,0,2148,0,1,2,File transfer,0
292,34146.38521063914,176.84609122295197,116.93967537890117,70.0,350.0,25.389890605236296,0.6056372987087396,1.2870126473014207,1.6511532597679648,193.08532619808028,145,147,0.9863945578231292,11,26.545454545454547,292,0,0,0,292,2,2,Messaging,0
76,6384.0,38.0,84.0,84.0,84.0,0.0,0.4970791078968899,0.005,2.0,168.0,38,38,1.0,76,1.0,0,0,0,0,0,1,0,ICMP/ping,0
11,982.6618989127476,386.7384768563816,89.33289990115887,78.0,120.0,8.0,35.15804335058015,0.2,0.02844299354285593,2.5408950950532567,5,6,1.0,5,2.0,0,11,0,0,11,1,1,Tunnel keep-alive,0
1322,280194.891672522,26.05305296783451,211.9477244118926,175.75231633394736,249.6800341916797,8.945542663083954,0.022388400994771285,0.0018982378770755854,50.7426136058665,10754.781484475345,663,659,1.0060698027314112,6,220.33333333333334,1322,0,0,0,1322,1,2,VoIP,0
14425,19495472.8442336,90.77409878814183,1351.5059164113413,80.0,1420.0,212.41074552306074,0.006292831805070491,0.07405583333506524,158.91096901624533,214769.11480811494,1865,12560,0.14848726114649682,19,759.2105263157895,14425,0,0,14425,0,2,2,Video streaming,0
986,846858.8476768862,29.123628976680404,858.8832126540428,60.0,1420.0,464.0467476656636,0.02953714906357039,0.15508332735796065,33.8556709670179,29078.06744671054,435,551,0.7894736842105263,9,109.55555555555556,986,0,0,986,0,4,2,Web browsing,0
18679,25811705.781010903,86.88322553985455,1381.8569399331284,70.0,1420.0,110.74143254362218,0.0046513852743645025,0.0019104743036578707,214.98971618441678,297085.0313236899,15898,2781,5.716648687522474,19,983.1052631578947,18679,0,0,18679,0,1,2,File transfer,0
268,38811.81251725983,175.47702954412736,144.82019595992475,70.0,350.0,37.547388115991744,0.6547650356124155,1.851893754718391,1.5272654244047699,221.1788780451164,159,109,1.4587155963302751,14,19.142857142857142,268,0,0,0,268,2,2,Messaging,0
33,2772.0,16.0,84.0,84.0,84.0,0.0,0.49895032292436375,0.005,2.0625,173.25,16,16,1.0,33,1.0,0,0,0,0,0,1,0,ICMP/ping,0
21,2060.686055732491,99.49695511827332,98.1279074158329,78.0,120.0,8.0,4.737950243727301,0.2,0.2110617352564913,20.711046416274012,10,11,1.0,10,2.0,0,21,0,0,21,1,1,Tunnel keep-alive,0
1838,311924.97302923765,36.30606916967547,169.708908068138,140.240209396257,201.97231528300034,18.032016437267302,0.021646507649055388,0.0036476063058877143,50.62514455668982,8591.538003507469,915,923,0.991332611050921,8,229.75,1838,0,0,0,1838,1,2,VoIP,0
2741,3527560.973820443,109.61403513304454,1286.961318431391,80.0,1420.0,242.67679396136663,0.039990527228400054,0.01329428385138632,25.005921884666492,32181.65419728276,457,2284,0.2000875656742557,29,94.51724137931035,2741,0,0,2741,0,2,2,Video streaming,0
1188,826447.372379216,49.68275116931453,695.6627713629764,60.0,1420.0,478.00936003054125,0.041820497617268124,0.2785851106666209,23.9117192997505,16634.492916118004,403,785,0.513375796178344,29,40.96551724137931,1188,0,0,1188,0,4,2,Web browsing,0
22874,31364296.177439313,38.8596479262789,1371.176714935705,70.0,1420.0,104.38810883687437,0.0016988566899658521,0.0074833589145898265,588.6311693660873,807117.3531201541,20459,2415,8.471635610766045,15,1524.9333333333334,22874,0,0,22874,0,1,2,File transfer,0
89,12622.554477532776,148.8900821945972,141.82645480373907,70.0,350.0,36.3517206908469,1.6729222718494068,1.316932745387613,0.5977564031677964,84.77767149752312,48,41,1.170731707317073,7,12.714285714285714,89,0,0,0,89,2,2,Messaging,0
184,15456.0,92.0,84.0,84.0,84.0,0.0,0.4967989952364992,0.005,2.0,168.0,92,92,1.0,184,1.0,0,0,0,0,0,1,0,ICMP/ping,0
52,3533.3638340466914,543.6478426544709,67.94930450089791,78.0,120.0,8.0,10.454766204893671,0.2,0.0956501542360574,6.499361455743714,26,26,1.0,26,2.0,0,52,0,0,52,1,1,Tunnel keep-alive,0
641,126806.99262687107,13.283916012073188,197.8268215707817,169.22330340189544,235.3269955656611,9.52184279616002,0.020129122612551162,0.001378225379097553,48.253843175267164,9545.90442393806,315,326,0.9662576687116564,1,641.0,641,0,0,0,641,1,2,VoIP,0
1037,1435484.8264202331,15.55011276821361,1384.2669492962712,80.0,1420.0,328.49185043373893,0.014995287143889691,0.07493721790496635,66.68761927693275,92313.46729231089,202,835,0.24191616766467067,15,69.13333333333334,1037,0,0,1037,0,2,2,Video streaming,0
2415,2012271.1310297672,44.730542919803916,833.2385635734025,60.0,1420.0,361.69907996141137,0.018521963941947793,0.07653250482725486,53.98995501417863,44986.512563406824,903,1512,0.5972222222222222,39,61.92307692307692,2415,0,0,2415,0,4,2,Web browsing,0
2489,3456330.861272323,98.04389171765267,1388.6423709410699,70.0,1420.0,136.41210568415053,0.03939087654385402,0.006754477793086883,25.386589173426895,35252.89337989442,2147,342,6.277777777777778,16,155.5625,2489,0,0,2489,0,1,2,File transfer,0
80,8733.79738997029,160.91775919418697,109.17246737462862,70.0,350.0,21.623428485387805,2.0114719899273372,2.7843187350161482,0.49714835951363373,54.27491305935232,45,35,1.2857142857142858,11,7.2727272727272725,80,0,0,0,80,2,2,Messaging,0
59,5782.0,29.0,98.0,98.0,98.0,0.0,0.48905281127082884,0.005,2.0344827586206895,199.3793103448276,29,29,1.0,59,1.0,0,0,0,0,0,1,0,ICMP/ping,0
47,4179.913488906871,344.36126899848625,88.93432955121001,78.0,120.0,8.0,7.326835510606091,0.2,0.1364845708017373,12.138163798337162,23,24,1.0,23,2.0,0,47,0,0,47,1,1,Tunnel keep-alive,0
1047,210626.87569300673,20.704012846071894,201.17180104394149,178.7733638653989,227.58646289083495,18.01462422080335,0.02103686635582795,0.0019302722970273144,50.56990679942724,10173.23922946504,526,521,1.0095969289827256,3,349.0,1047,0,0,0,1047,1,2,VoIP,0
11778,13962097.199443115,91.71144041122592,1185.438716203355,80.0,1420.0,214.6785504074675,0.00778667349390609,0.05033115308781764,128.42454493341833,152239.4276748715,1829,9949,0.1838375716152377,59,199.6271186440678,11778,0,0,11778,0,2,2,Video streaming,0
1304,1182637.351876554,9.43896498066923,906.9304845679095,60.0,1420.0,498.91564797691007,0.00723847007720033,0.24589597368572091,138.15074032699138,125293.11786817374,571,733,0.7789904502046384,27,48.2962962962963,1304,0,0,1304,0,4,2,Web browsing,0
22952,31808202.027645487,58.025523817828976,1385.8575299601555,70.0,1420.0,169.38633423283946,0.0025281249484937684,0.005403904727276093,395.5500698633546,548176.0427963956,20685,2267,9.124393471548302,18,1275.111111111111,22952,0,0,22952,0,1,2,File transfer,0
246,38075.48712523218,87.34163206313995,154.77840294809832,70.0,350.0,38.831399880508286,0.35504728480951203,2.266606304372335,2.8165262565985105,435.9374358577032,144,102,1.411764705882353,7,35.142857142857146,246,0,0,0,246,2,2,Messaging,0
55,4620.0,27.0,84.0,84.0,84.0,0.0,0.49039110364433963,0.005,2.037037037037037,171.11111111111111,27,27,1.0,55,1.0,0,0,0,0,0,1,0,ICMP/ping,0
31,3016.4144088818493,166.43726096477218,97.30369060909192,78.0,120.0,8.0,5.368943902089425,0.2,0.18625636963925649,18.123432165350874,15,16,1.0,15,2.0,0,31,0,0,31,1,1,Tunnel keep-alive,0
1793,381615.63205363596,35.59419905978809,212.83638151346122,185.03466073785694,236.72734090745945,15.975193981812227,0.016178785158537774,0.0016165900973453367,50.37337676817147,10721.287235951866,899,894,1.005592841163311,2,896.5,1793,0,0,0,1793,1,2,VoIP,0
8785,11398687.84006358,79.65958090712378,1297.517113268478,80.0,1420.0,218.14409933577386,0.009067681378158655,0.015508837263677935,110.28177527374334,143092.49069931047,1341,7444,0.18014508328855455,27,325.3703703703704,8785,0,0,8785,0,2,2,Video streaming,0
1398,1005136.0030377987,42.58889678796544,718.9814041758217,60.0,1420.0,452.581511174496,0.03046416079253608,0.17546006063890962,32.825456995520014,23600.89316335203,582,816,0.7132352941176471,36,38.833333333333336,1398,0,0,1398,0,4,2,Web browsing,0
4646,6252959.275822104,62.17898116908458,1345.8801712918864,70.0,1420.0,189.48692007055197,0.013383336454818033,0.0012178543998027686,74.71978331980122,100563.8747733467,4111,535,7.6841121495327105,11,422.3636363636364,4646,0,0,4646,0,1,2,File transfer,0
195,31227.438970180545,147.7440521879388,160.14071266759254,70.0,350.0,41.46312760114481,0.7576618060919939,1.1955429676720555,1.3198500860931375,211.3617334013384,80,115,0.6956521739130435,5,39.0,195,0,0,0,195,2,2,Messaging,0
90,7560.0,45.0,84.0,84.0,84.0,0.0,0.5093036889115861,0.005,2.0,168.0,45,45,1.0,90,1.0,0,0,0,0,0,1,0,ICMP/ping,0
17,1314.6633098603984,369.10017202259314,77.33313587414108,78.0,120.0,8.0,21.71177482485842,0.2,0.04605795740176303,3.561806277835942,8,9,1.0,8,2.0,0,17,0,0,17,1,1,Tunnel keep-alive,0
965,202585.39325887107,19.163611449190064,209.9330500091928,170.5196894533154,233.44735492592932,13.95674930023255,0.016683123494856678,0.0026967402229839048,50.35585294340671,10571.35779422376,483,482,1.0020746887966805,1,965.0,965,0,0,0,965,1,2,VoIP,0
3580,4809688.415653548,43.53219861818936,1343.4883842607676,80.0,1420.0,244.82947831803017,0.012159832016254011,0.023508880555732005,82.23797817793066,110485.76842714033,399,3181,0.12543225400817354,54,66.29629629629629,3580,0,0,3580,0,2,2,Video streaming,0
1960,1703570.5264272904,15.340864445795892,869.1686359322911,60.0,1420.0,447.9705099937783,0.007826971656018313,0.0871207957513211,127.76333477981619,111047.88341273347,750,1210,0.6198347107438017,22,89.0909090909091,1960,0,0,1960,0,4,2,Web browsing,0
17120,23295759.30326693,76.0805021067475,1360.733604162788,70.0,1420.0,118.34053486097397,0.004443954562310018,0.004884941927294051,225.0248030169302,306198.81123524887,15951,1169,13.644995722840035,5,3424.0,17120,0,0,17120,0,1,2,File transfer,0
150,23615.965258589687,98.47753566369512,157.43976839059792,70.0,350.0,54.432434507469495,0.6565169044246342,0.5136092729792264,1.5231900249033061,239.8106847356456,61,89,0.6853932584269663,12,12.5,150,0,0,0,150,2,2,Messaging,0
99,9702.0,49.0,98.0,98.0,98.0,0.0,0.5159528299450703,0.005,2.020408163265306,198.0,49,49,1.0,99,1.0,0,0,0,0,0,1,0,ICMP/ping,0
38,3378.172061155853,243.4167350599791,88.8992647672593,78.0,120.0,8.0,6.405703554209976,0.2,0.15611087705467996,13.878142192333057,19,19,1.0,19,2.0,0,38,0,0,38,1,1,Tunnel keep-alive,0
586,111502.41739727806,12.062371333818323,190.27716279398985,153.6056806010751,214.17933919447404,18.389169920662205,0.021527377985150316,0.0028345995923243035,48.58082907438588,9243.822322453918,293,293,1.0,8,73.25,586,0,0,0,586,1,2,VoIP,0
12530,14644167.722826209,105.84669515743107,1168.7284694992984,80.0,1420.0,238.56441340926676,0.008447461704503677,0.043561848470483604,118.37875506045329,138352.6212230359,1713,10817,0.15836183784783212,28,447.5,12530,0,0,12530,0,2,2,Video streaming,0
2191,1669802.7530450674,25.539452512998952,762.1190109744716,60.0,1420.0,407.53017686509656,0.011656527847101302,0.2591550525919145,85.78883979148867,65381.30573453675,871,1320,0.6598484848484848,13,168.53846153846155,2191,0,0,2191,0,4,2,Web browsing,0
3446,4793821.075572908,40.0728720145476,1391.1262552446046,70.0,1420.0,139.82502348634128,0.011628807897431108,0.0054745055264591716,85.99333730681953,119627.58930362201,3159,287,11.006968641114982,14,246.14285714285714,3446,0,0,3446,0,1,2,File transfer,0
60,10037.708008611968,158.1638155979021,167.29513347686614,70.0,350.0,37.86958101245571,2.6360635932983683,1.3574162992501955,0.37935351883857715,63.463997569018616,25,35,0.7142857142857143,14,4.285714285714286,60,0,0,0,60,2,2,Messaging,0
96,8064.0,48.0,84.0,84.0,84.0,0.0,0.5167134757543748,0.005,2.0,168.0,48,48,1.0,96,1.0,0,0,0,0,0,1,0,ICMP/ping,0
38,3153.477241639074,499.10099371645964,82.98624320102826,78.0,120.0,8.0,13.134236676748937,0.2,0.07613689509419787,6.31831489285828,19,19,1.0,19,2.0,0,38,0,0,38,1,1,Tunnel keep-alive,0
1343,266201.0096392719,26.95927751782359,198.2137078475591,170.267881988641,224.95066187650215,13.542235822048877,0.020281199909521562,0.004444454080245703,49.815875040126805,9874.189301374206,673,670,1.0044776119402985,5,268.6,1343,0,0,0,1343,1,2,VoIP,0
1774,2295054.4736457146,65.39819317709615,1293.7172906683847,80.0,1420.0,345.7274535206209,0.03686482140760775,0.02933672591362005,27.126131683731177,35093.54558819053,317,1457,0.2175703500343171,40,44.35,1774,0,0,1774,0,2,2,Video streaming,0
2919,1493780.427870044,18.94885952012103,511.74389443989173,60.0,1420.0,482.56000832470806,0.006491558588599188,0.1903694859341692,154.0462103748477,78832.20762093143,957,1962,0.4877675840978593,23,126.91304347826087,2919,0,0,2919,0,4,2,Web browsing,0
2916,3868336.538336875,54.44642761372902,1326.590033723208,70.0,1420.0,154.92684933484426,0.018671614408000352,0.007735247500857578,53.5572328213635,71048.49129461432,2707,209,12.952153110047847,16,182.25,2916,0,0,2916,0,1,2,File transfer,0
134,18249.91615805139,132.59707559635913,136.19340416456262,70.0,350.0,46.31155120144744,0.9895304148982025,2.8977807299907345,1.0105803570503435,137.63437900852543,78,56,1.3928571428571428,5,26.8,134,0,0,0,134,2,2,Messaging,0
161,13524.0,80.0,84.0,84.0,84.0,0.0,0.4867912164462268,0.005,2.0125,169.05,80,80,1.0,161,1.0,0,0,0,0,0,1,0,ICMP/ping,0
26,2592.5644666749795,124.40670290146144,99.71401794903767,78.0,120.0,8.0,4.784873188517748,0.2,0.20899195456207664,20.83942750840738,13,13,1.0,13,2.0,0,26,0,0,26,1,1,Tunnel keep-alive,0
1014,194674.87994700036,19.928633215577886,191.98706109171633,171.25446713973994,215.90198168267963,17.401136428637848,0.010806629393725318,0.004323069554379043,50.88156267572695,9768.601681866783,510,504,1.0119047619047619,9,112.66666666666667,1014,0,0,0,1014,1,2,VoIP,0
1992,2571528.1609610235,16.733832395792923,1290.9277916471,80.0,1420.0,225.02445574253943,0.008400518270980383,0.013267937392949163,119.0402743905103,153672.3985360063,354,1638,0.21611721611721613,52,38.30769230769231,1992,0,0,1992,0,2,2,Video streaming,0
807,664198.3103188347,50.63040929441106,823.0462333566726,60.0,1420.0,455.5905000551773,0.06273904497448707,0.28641838426270116,15.939037650424098,13118.56490151174,291,516,0.563953488372093,11,73.36363636363636,807,0,0,807,0,4,2,Web browsing,0
16599,23485896.82219931,57.76256707871692,1414.8982964154052,70.0,1420.0,154.25754525355802,0.0034798823470520465,0.003097401654401852,287.36603720155705,406593.716484129,15061,1538,9.7925877763329,12,1383.25,16599,0,0,16599,0,1,2,File transfer,0
129,14330.088829870314,122.84457607004549,111.08595992147531,70.0,350.0,24.5354838221029,0.9522835354267092,2.3015407266592876,1.050107413179111,116.65219001365884,64,65,0.9846153846153847,14,9.214285714285714,129,0,0,0,129,2,2,Messaging,0
20,1960.0,10.0,98.0,98.0,98.0,0.0,0.4947399176257065,0.005,2.0,196.0,10,10,1.0,20,1.0,0,0,0,0,0,1,0,ICMP/ping,0
27,2693.524325809586,110.79230292343792,99.76016021516986,78.0,120.0,8.0,4.103418626793997,0.2,0.2436992398168501,24.31147520844407,13,14,1.0,13,2.0,0,27,0,0,27,1,1,Tunnel keep-alive,0
1851,382610.44737277855,37.06229997562108,206.7047257551478,186.53763167170501,230.07670672382852,13.711952447802135,0.01808424252456491,0.0038575502481491696,49.942933957621484,10323.440467117607,923,928,0.9946120689655172,1,1851.0,1851,0,0,0,1851,1,2,VoIP,0
4858,6992166.199413545,53.37752609857307,1439.3096334733523,80.0,1420.0,262.61724258446935,0.010987551687643695,0.06114753080698732,91.01208607961071,130994.57225688969,739,4119,0.17941247875697985,15,323.8666666666667,4858,0,0,4858,0,2,2,Video streaming,0
303,262746.33524353313,15.560893803237185,867.149621265786,60.0,1420.0,475.9997334865914,0.05135608515919863,0.2312281866561099,19.471889200668272,16885.04134568884,131,172,0.7616279069767442,25,12.12,303,0,0,303,0,4,2,Web browsing,0
11024,14993199.983275743,99.12002811535665,1360.0507967412684,70.0,1420.0,158.02285321991417,0.008991294277517837,0.009136314878091033,111.21869323089966,151263.0723412078,9723,1301,7.47348193697156,13,848.0,11024,0,0,11024,0,1,2,File transfer,0
250,38242.45635907326,41.943610095730804,152.96982543629304,70.0,350.0,44.99181594874901,0.16777444038292322,1.3411258795437755,5.960383463164179,911.7588178935922,110,140,0.7857142857142857,13,19.23076923076923,250,0,0,0,250,2,2,Messaging,0
190,15960.0,95.0,84.0,84.0,84.0,0.0,0.49436518519408557,0.005,2.0,168.0,95,95,1.0,190,1.0,0,0,0,0,0,1,0,ICMP/ping,0
34,3116.7271867630025,233.08953007550758,91.66844666950007,78.0,120.0,8.0,6.855574413985517,0.2,0.14586669761179732,13.371373590883136,17,17,1.0,17,2.0,0,34,0,0,34,1,1,Tunnel keep-alive,0
856,163096.18368705033,17.54627996184841,190.53292486804946,155.94258629658702,217.47867819110294,15.215751675956678,0.02081911432449874,0.0024915060368087116,48.78526969028396,9295.200124566403,431,425,1.0141176470588236,9,95.11111111111111,856,0,0,0,856,1,2,VoIP,0
5817,7410665.722133491,109.12953855390911,1273.966945527504,80.0,1420.0,290.4833203486945,0.01876045015539094,0.0327906792763308,53.303625004576084,67907.0563326233,1153,4664,0.24721269296740994,28,207.75,5817,0,0,5817,0,2,2,Video streaming,0
2982,3038875.1981799514,7.411576887314644,1019.0728364117879,60.0,1420.0,398.99328586220133,0.0024854382586568225,0.20582860843976436,402.3435289599263,410017.3612691204,919,2063,0.44546776539020844,29,102.82758620689656,2982,0,0,2982,0,4,2,Web browsing,0
20904,28972488.572611455,97.69145108716276,1385.978213385546,70.0,1420.0,121.28942546599934,0.004673337690736833,0.007803692640381233,213.97982901645025,296571.38112076436,19106,1798,10.626251390433815,10,2090.4,20904,0,0,20904,0,1,2,File transfer,0
119,15405.280446962044,92.19875145204516,129.45613820976507,70.0,350.0,47.41762089485165,0.774779423966766,2.447513484810094,1.2906899293738792,167.08773388297683,48,71,0.676056338028169,13,9.153846153846153,119,0,0,0,119,2,2,Messaging,0
95,7980.0,47.0,84.0,84.0,84.0,0.0,0.5058863545979627,0.005,2.021276595744681,169.7872340425532,47,47,1.0,95,1.0,0,0,0,0,0,1,0,ICMP/ping,0
22,2184.2359468752993,162.52043654632334,99.28345213069542,78.0,120.0,8.0,7.387292570287425,0.2,0.13536759110125404,13.439761751148907,11,11,1.0,11,2.0,0,22,0,0,22,1,1,Tunnel keep-alive,0
1596,371916.2133563512,32.089385423669874,233.03020886989424,212.26297777413475,265.45949732302995,16.66816558305316,0.018931723854142834,0.003001433441537561,49.736072502739596,11590.00736368161,801,795,1.0075471698113208,6,266.0,1596,0,0,0,1596,1,2,VoIP,0
13376,17935586.026420183,13.459055056484228,1340.8781419273462,80.0,1420.0,262.2745379906156,0.0010062092596055793,0.06354151810619281,993.8290573791646,1332603.6598519802,1571,11805,0.13307920372723422,22,608.0,13376,0,0,13376,0,2,2,Video streaming,0
526,463719.7428346664,59.24804954580694,881.5964692674266,60.0,1420.0,426.8907579532382,0.1126388774635113,0.2835674478659692,8.877929383874978,7826.75119922972,199,327,0.6085626911314985,12,43.833333333333336,526,0,0,526,0,4,2,Web browsing,0
5148,7381899.472703213,34.020935928889465,1433.9354065080056,70.0,1420.0,173.9621684652995,0.006608573412760191,0.005493186167722973,151.31858837629704,216981.08153558307,4515,633,7.132701421800948,15,343.2,5148,0,0,5148,0,1,2,File transfer,0
239,46009.67059791227,159.7878752206162,192.50908199963294,70.0,350.0,30.266467595836577,0.6685685155674318,1.9824618693887348,1.495733012720878,287.94218919544153,140,99,1.4141414141414141,11,21.727272727272727,239,0,0,0,239,2,2,Messaging,0
124,10416.0,62.0,84.0,84.0,84.0,0.0,0.4892794193815696,0.005,2.0,168.0,62,62,1.0,124,1.0,0,0,0,0,0,1,0,ICMP/ping,0
25,2625.5851862134405,444.0835453436447,105.02340744853761,78.0,120.0,8.0,17.763341813745786,0.2,0.0562957134127865,5.912367647357181,12,13,1.0,12,2.0,0,25,0,0,25,1,1,Tunnel keep-alive,0
716,128845.25430661776,14.570790231179789,179.9514724952762,158.96825591217524,200.5726100159793,13.312718831731981,0.02400997207327695,0.0040481308841562045,49.1394075846239,8842.708752398616,355,361,0.9833795013850416,9,79.55555555555556,716,0,0,0,716,1,2,VoIP,0
10268,11748013.360297963,45.93579247849232,1144.138426207437,80.0,1420.0,287.2797899757062,0.004473684503164425,0.013874485245266664,223.52939714292725,255748.57265820596,1175,9093,0.12922027933575278,20,513.4,10268,0,0,10268,0,2,2,Video streaming,0
2085,1588646.2983621107,28.4241235270175,761.9406706772713,60.0,1420.0,497.8286199882827,0.013632673154444844,0.1885145958650527,73.35318529762863,55890.775201989316,916,1169,0.7835757057313943,15,139.0,2085,0,0,2085,0,4,2,Web browsing,0
10095,13982775.1839798,77.34149255628101,1385.1188889529271,70.0,1420.0,193.36789061329353,0.007661366276006044,0.005881479041713949,130.52502177474685,180792.67314119398,9113,982,9.280040733197556,8,1261.875,10095,0,0,10095,0,1,2,File transfer,0
156,18442.34718297024,147.7238154267284,118.22017424980923,70.0,350.0,23.502982519449528,0.9469475347867206,2.08462454683831,1.0560247144264738,124.84342575160277,90,66,1.3636363636363635,13,12.0,156,0,0,0,156,2,2,Messaging,0
156,15288.0,78.0,98.0,98.0,98.0,0.0,0.48822756252505417,0.005,2.0,196.0,78,78,1.0,156,1.0,0,0,0,0,0,1,0,ICMP/ping,0
49,4644.457689466925,148.5231293147295,94.78485080544745,78.0,120.0,8.0,3.0310842717291733,0.2,0.3299149447367624,31.27093881536147,24,25,1.0,24,2.0,0,49,0,0,49,1,1,Tunnel keep-alive,0
1185,226407.15410518012,24.005857705334062,191.0608895402364,170.78622577858482,229.48927623776294,6.929360906587881,0.019782244368793143,0.0027831149902378814,49.36295193221507,9431.32950650094,590,595,0.9915966386554622,9,131.66666666666666,1185,0,0,0,1185,1,2,VoIP,0
10470,14090400.754422283,56.7892145896982,1345.7880376716603,80.0,1420.0,239.3052506760312,0.0054239937525977265,0.07172021144767775,184.36599406499457,248117.549366114,1980,8490,0.2332155477031802,30,349.0,10470,0,0,10470,0,2,2,Video streaming,0
626,450446.0357744982,9.452233611229584,719.5623574672495,60.0,1420.0,436.5757439935994,0.015099414714424256,0.2840600969518008,66.22773259182783,47654.983393486225,269,357,0.7535014005602241,14,44.714285714285715,626,0,0,626,0,4,2,Web browsing,0
10625,14506324.377924105,35.42867772961992,1365.3011179222688,70.0,1420.0,171.90228204336012,0.003334463786317169,0.005534999171121462,299.89829372370383,409451.4756839538,9784,841,11.633769322235434,5,2125.0,10625,0,0,10625,0,1,2,File transfer,0
67,8956.36440569514,167.03633231533024,133.67708068201702,70.0,350.0,29.192253656906605,2.493079586795974,2.3737910378919516,0.4011103397164982,53.619259244673586,35,32,1.09375,5,13.4,67,0,0,0,67,2,2,Messaging,0
182,15288.0,91.0,84.0,84.0,84.0,0.0,0.5018506783045196,0.005,2.0,168.0,91,91,1.0,182,1.0,0,0,0,0,0,1,0,ICMP/ping,0
41,4019.809396651109,534.7703422961066,98.04413162563681,78.0,120.0,8.0,13.043179080392845,0.2,0.07666842522336059,7.516889174129459,20,21,1.0,20,2.0,0,41,0,0,41,1,1,Tunnel keep-alive,0
1027,193505.3802246996,20.32681574720703,188.41809174751666,151.36948339613429,218.4240492353965,15.18351263345311,0.015238854037908188,0.0025678709610978522,50.524391659382914,9519.709463165074,508,519,0.9788053949903661,4,256.75,1027,0,0,0,1027,1,2,VoIP,0
4305,5244168.56801283,81.74904065381472,1218.1576232317839,80.0,1420.0,205.6730204828053,0.018989324193685184,0.018613648651322746,52.66116844392733,64149.603788263135,855,3450,0.24782608695652175,27,159.44444444444446,4305,0,0,4305,0,2,2,Video streaming,0
1298,928735.4422887708,11.341559968647713,715.512667402751,60.0,1420.0,366.0486891761935,0.008737719544412723,0.229864991917493,114.44633750455444,81887.80422235925,555,743,0.746971736204576,19,68.3157894736842,1298,0,0,1298,0,4,2,Web browsing,0
18538,25679650.847739514,11.881856110171148,1385.2438692275064,70.0,1420.0,122.99183708616326,0.0006409459548047873,0.005643512906728811,1560.193948496905,2161249.1019611936,16227,2311,7.021635655560363,5,3707.6,18538,0,0,18538,0,1,2,File transfer,0
254,29730.578958592574,106.35703785177922,117.04952345902588,70.0,350.0,34.17695967949545,0.4187284954794458,1.452867205086839,2.3881823443971637,279.53560534494727,122,132,0.9242424242424242,12,21.166666666666668,254,0,0,0,254,2,2,Messaging,0
63,5292.0,31.0,84.0,84.0,84.0,0.0,0.497398975501735,0.005,2.032258064516129,170.70967741935485,31,31,1.0,63,1.0,0,0,0,0,0,1,0,ICMP/ping,0
9,710.9241323739302,111.3305298895848,78.99157026377003,78.0,120.0,8.0,12.370058876620533,0.2,0.0808403589646614,6.385706895305442,4,5,1.0,4,2.0,0,9,0,0,9,1,1,Tunnel keep-alive,0
359,82992.26067709249,6.8055241812278755,231.17621358521586,207.02682482403833,269.2932174271918,17.578238105371895,0.021087234388626357,0.002884334917935701,52.75126359704272,12194.83738019997,182,177,1.0282485875706215,3,119.66666666666667,359,0,0,0,359,1,2,VoIP,0
6369,8351886.45989573,90.299254710946,1311.3340335838798,80.0,1420.0,326.36854791776204,0.014177932911123568,0.025993010314191663,70.53214359728214,92491.20036074142,1188,5181,0.22929936305732485,32,199.03125,6369,0,0,6369,0,2,2,Video streaming,0
490,354744.7651824559,55.20330619625889,723.9689085356242,60.0,1420.0,367.7543341776947,0.11265980856379366,0.21143979448450817,8.87627995066004,6426.150707735995,165,325,0.5076923076923077,35,14.0,490,0,0,490,0,4,2,Web browsing,0
9634,12872182.542042965,54.60885287949224,1336.1202555577086,70.0,1420.0,123.13487132001505,0.005668346780100917,0.0022273399452651258,176.4182818719846,235716.03985984795,8378,1256,6.670382165605096,14,688.1428571428571,9634,0,0,9634,0,1,2,File transfer,0
242,24301.001182755947,43.682226110008095,100.4173602593221,70.0,350.0,20.368035905015176,0.1805050665702814,2.0681460015899455,5.540010698872213,556.3132501891498,112,130,0.8615384615384616,14,17.285714285714285,242,0,0,0,242,2,2,Messaging,0
123,12054.0,61.0,98.0,98.0,98.0,0.0,0.5137138732388327,0.005,2.0163934426229506,197.60655737704917,61,61,1.0,123,1.0,0,0,0,0,0,1,0,ICMP/ping,0
12,1163.3446031286999,567.6971107537904,96.94538359405833,78.0,120.0,8.0,47.308092562815865,0.2,0.021138032540039448,2.049234673017811,6,6,1.0,6,2.0,0,12,0,0,12,1,1,Tunnel keep-alive,0
1226,218186.2810498843,24.63086008351685,177.96597149256468,150.1933256845879,206.2857636520695,16.200064471799557,0.018972873051024467,0.0013752874895817727,49.774956937880056,8858.248567450397,615,611,1.0065466448445173,3,408.6666666666667,1226,0,0,0,1226,1,2,VoIP,0
3590,4386693.402044371,64.35733639069849,1221.9201677003819,80.0,1420.0,341.7450595460114,0.017926834649219636,0.0437262409777259,55.782296181525304,68161.51270484176,564,3026,0.18638466622604097,55,65.27272727272727,3590,0,0,3590,0,2,2,Video streaming,0
858,852707.4209467982,9.136111581954136,993.8314929449862,60.0,1420.0,456.16759675437237,0.010648148696916243,0.17075296388709466,93.91303863831325,93333.73539691503,372,486,0.7654320987654321,13,66.0,858,0,0,858,0,4,2,Web browsing,0
3995,5576182.031611296,33.19260833702617,1395.7902457099615,70.0,1420.0,122.11476101106933,0.008308537756452109,0.0034220777737420933,120.3581218877457,167994.69252288606,3716,279,13.31899641577061,16,249.6875,3995,0,0,3995,0,1,2,File transfer,0
212,34792.38931370958,178.6556717948994,164.11504393259236,70.0,350.0,25.21406718859167,0.8427154329948086,2.4901713134923433,1.186640188190502,194.7455066170639,101,111,0.9099099099099099,13,16.307692307692307,212,0,0,0,212,2,2,Messaging,0
193,18914.0,96.0,98.0,98.0,98.0,0.0,0.4952318117556986,0.005,2.0104166666666665,197.02083333333334,96,96,1.0,193,1.0,0,0,0,0,0,1,0,ICMP/ping,0
12,1300.2018144996964,61.26763588842471,108.35015120830803,78.0,120.0,8.0,5.105636324035392,0.2,0.19586197224670718,21.221674308888154,6,6,1.0,6,2.0,0,12,0,0,12,1,1,Tunnel keep-alive,0
1319,237577.62609898968,26.648980195228628,180.11950424487466,147.24797979007826,202.28105411820243,11.54366672546476,0.012211470726666031,0.004887803381039222,49.495327413548104,8915.073836166039,659,660,0.9984848484848485,4,329.75,1319,0,0,0,1319,1,2,VoIP,0
13150,17525219.749789648,113.44367373400986,1332.7163307824828,80.0,1420.0,329.52371756942273,0.008626895340989343,0.06407658142337812,115.9165563593494,154483.887668173,1537,11613,0.13235167484715404,28,469.64285714285717,13150,0,0,13150,0,2,2,Video streaming,0
2503,1918399.6968214884,47.30878075828727,766.4401505479378,60.0,1420.0,439.50844851593257,0.01890083130574801,0.1343005087922382,52.907725793832455,40550.60532257396,849,1654,0.5133010882708585,30,83.43333333333334,2503,0,0,2503,0,4,2,Web browsing,0
12268,17773325.751827545,99.84002055481456,1448.7549520563698,70.0,1420.0,120.95346239501256,0.008138247518325281,0.002305950160568052,122.87657726657393,178018.04980668615,11537,731,15.78248974008208,17,721.6470588235294,12268,0,0,12268,0,1,2,File transfer,0
177,28488.490583761413,178.62178574433912,160.95192420204188,70.0,350.0,51.59047094938538,1.00916263132395,2.1587551735131427,0.9909205602352427,159.49057090122764,83,94,0.8829787234042553,5,35.4,177,0,0,0,177,2,2,Messaging,0
144,14112.0,72.0,98.0,98.0,98.0,0.0,0.4939961430712889,0.005,2.0,196.0,72,72,1.0,144,1.0,0,0,0,0,0,1,0,ICMP/ping,0
8,747.1722951652281,506.28497232568924,93.39653689565351,78.0,120.0,8.0,63.285621540711155,0.2,0.015801377558671958,1.4757939421606572,4,4,1.0,4,2.0,0,8,0,0,8,1,1,Tunnel keep-alive,0
407,79698.48201763905,8.309348350762797,195.8193661367053,175.04753489794263,233.39698905496235,9.723998411883986,0.020792811719185414,0.0015159156317086611,48.980976945398794,9591.423858204565,201,206,0.9757281553398058,5,81.4,407,0,0,0,407,1,2,VoIP,0
5150,6559957.647491061,40.23852240827965,1273.7781839788468,80.0,1420.0,334.26500435993665,0.00781330532199605,0.07878566880454985,127.98680696437088,163026.80254832757,843,4307,0.1957278848386348,44,117.04545454545455,5150,0,0,5150,0,2,2,Video streaming,0
358,273965.7356547501,54.82171644996182,765.2674180300281,60.0,1420.0,427.43717348000905,0.1531332861730777,0.08843732802572953,6.5302588678842675,4997.394342893488,156,202,0.7722772277227723,28,12.785714285714286,358,0,0,358,0,4,2,Web browsing,0
2296,3128194.151678024,75.85347454508364,1362.4538988144702,70.0,1420.0,121.10066917075261,0.03303722758932214,0.007194636985845296,30.268883709939594,41239.95862336901,2002,294,6.809523809523809,8,287.0,2296,0,0,2296,0,1,2,File transfer,0
288,44934.91775426229,143.27192807663297,156.0240199800774,70.0,350.0,38.130470901034386,0.49747197248830893,2.4804748456881125,2.0101634972480804,313.63378965785677,163,125,1.304,11,26.181818181818183,288,0,0,0,288,2,2,Messaging,0
167,16366.0,83.0,98.0,98.0,98.0,0.0,0.5020140486656236,0.005,2.0120481927710845,197.18072289156626,83,83,1.0,167,1.0,0,0,0,0,0,1,0,ICMP/ping,0
55,5481.633682016445,123.07421817633409,99.66606694575356,78.0,120.0,8.0,2.2377130577515287,0.2,0.44688482132950846,44.539252519667905,27,28,1.0,27,2.0,0,55,0,0,55,1,1,Tunnel keep-alive,0
681,127207.970916605,13.747396555315845,186.79584569251836,152.6897128417998,221.50457757036207,9.552443476835228,0.01694142975793027,0.002381375911705321,49.53665206789069,9253.240815797679,335,346,0.9682080924855492,8,85.125,681,0,0,0,681,1,2,VoIP,0
10464,13622080.750645254,54.510953128410925,1301.8043530815419,80.0,1420.0,208.47251360052232,0.005209380077256396,0.057099852646678384,191.96142058551163,249896.21294193572,1928,8536,0.22586691658856609,50,209.28,10464,0,0,10464,0,2,2,Video streaming,0
2822,2097810.1012631156,33.71695713876973,743.3770734454698,60.0,1420.0,410.23126070079235,0.011947894095949586,0.12512218965815974,83.69675793653097,62218.25097173229,1186,1636,0.7249388753056235,29,97.3103448275862,2822,0,0,2822,0,4,2,Web browsing,0
20057,27482111.300738737,75.06490819505024,1370.2004936300912,70.0,1420.0,133.64611625772122,0.0037425790594331275,0.006302407396544095,267.19542436371825,366111.3023588684,17959,2098,8.56005719733079,7,2865.285714285714,20057,0,0,20057,0,1,2,File transfer,0
181,21832.369127750568,150.45695388178743,120.62082391022413,70.0,350.0,29.105301432775693,0.8312538888496543,1.8110908646443733,1.2030018907747524,145.1070792308081,101,80,1.2625,14,12.928571428571429,181,0,0,0,181,2,2,Messaging,0
30,2940.0,15.0,98.0,98.0,98.0,0.0,0.49268751342279093,0.005,2.0,196.0,15,15,1.0,30,1.0,0,0,0,0,0,1,0,ICMP/ping,0
43,4333.415421915119,247.0934150224803,100.77710283523533,78.0,120.0,8.0,5.746358488894891,0.2,0.17402325349741882,17.5375593134316,21,22,1.0,21,2.0,0,43,0,0,43,1,1,Tunnel keep-alive,0
211,44366.21386172395,3.7727566148320903,210.26641640627463,172.50922941156358,232.31170202621695,16.161900285715554,0.01980003357133253,0.004223171463832939,55.927275873159054,11759.627877214258,102,109,0.9357798165137615,1,211.0,211,0,0,0,211,1,2,VoIP,0
14767,17750239.75216925,88.20867356100513,1202.0207050971255,80.0,1420.0,305.88236670225825,0.005973364499289303,0.07381470828147124,167.409840822367,201230.0949054991,2440,12327,0.19793948243692708,42,351.5952380952381,14767,0,0,14767,0,2,2,Video streaming,0
2148,1721805.0912498226,24.709939461180568,801.5852380120217,60.0,1420.0,377.4797367689952,0.011503696210977918,0.21069341540457315,86.92858205397542,69680.66813578345,750,1398,0.5364806866952789,14,153.42857142857142,2148,0,0,2148,0,4,2,Web browsing,0
5395,7162868.151666699,33.140665359882505,1327.6864043867838,70.0,1420.0,144.9123413930251,0.006142848074120946,0.006135981210827102,162.7909380036396,216135.31514480413,4820,575,8.382608695652173,6,899.1666666666666,5395,0,0,5395,0,1,2,File transfer,0
85,11400.042941308568,126.59896676469899,134.11815225068904,70.0,350.0,53.330851281433915,1.4893996089964587,1.1248974530987388,0.671411482828164,90.04846747680858,44,41,1.0731707317073171,12,7.083333333333333,85,0,0,0,85,2,2,Messaging,0
24,2352.0,12.0,98.0,98.0,98.0,0.0,0.4802070169696317,0.005,2.0,196.0,12,12,1.0,24,1.0,0,0,0,0,0,1,0,ICMP/ping,0
22,1991.3974208958466,479.9474031884421,90.51806458617484,78.0,120.0,8.0,21.815791054020096,0.2,0.04583835614870933,4.149199282392956,11,11,1.0,11,2.0,0,22,0,0,22,1,1,Tunnel keep-alive,0
1849,400832.5416736071,36.585513646401196,216.78341896896004,177.77129153736257,251.37698724190486,5.780687581341971,0.023823285280062743,0.004536980695715817,50.539129172015336,10956.04521362339,924,925,0.9989189189189189,4,462.25,1849,0,0,0,1849,1,2,VoIP,0
8933,11148614.522694925,71.71075200564128,1248.0258057421834,80.0,1420.0,337.0167047713385,0.008027622523859988,0.038645783613425716,124.56988317870751,155466.4288253161,1561,7372,0.21174715138361366,15,595.5333333333333,8933,0,0,8933,0,2,2,Video streaming,0
919,663985.2536650341,49.89253185245401,722.5084370675017,60.0,1420.0,498.23931727147806,0.054290023778513614,0.14721287411852912,18.419590385144947,13308.309460594659,282,637,0.4427001569858713,11,83.54545454545455,919,0,0,919,0,4,2,Web browsing,0
14742,19898476.134344213,96.60706742010159,1349.7813142276634,70.0,1420.0,162.6658639091341,0.006553185959849517,0.007162958424512787,152.59753135755105,205973.2964236923,12715,2027,6.272816970892945,10,1474.2,14742,0,0,14742,0,1,2,File transfer,0
61,8052.853114263977,122.77164386260378,132.01398547973733,70.0,350.0,36.32950077385195,2.0126498993869473,1.201158060511631,0.49685740192797556,65.59212584361977,33,28,1.1785714285714286,14,4.357142857142857,61,0,0,0,61,2,2,Messaging,0
156,15288.0,78.0,98.0,98.0,98.0,0.0,0.5132092683036199,0.005,2.0,196.0,78,78,1.0,156,1.0,0,0,0,0,0,1,0,ICMP/ping,0
28,2695.4972586662416,399.6087782587521,96.26775923808006,78.0,120.0,8.0,14.27174208066972,0.2,0.07006853083159655,6.7453404562621255,14,14,1.0,14,2.0,0,28,0,0,28,1,1,Tunnel keep-alive,0
850,169501.16092219474,17.484950316361644,199.4131304966997,177.25606520545352,224.65922912438847,17.58331848688662,0.019658332421698933,0.0011292930613043613,48.613235074772135,9694.117389832274,421,429,0.9813519813519813,9,94.44444444444444,850,0,0,0,850,1,2,VoIP,0
7347,9355814.565481108,76.94287524913717,1273.4197040262839,80.0,1420.0,302.2190918775757,0.010472692969802256,0.014447500569674301,95.48642387239602,121594.29362611481,1025,6322,0.16213223663397658,23,319.4347826086956,7347,0,0,7347,0,2,2,Video streaming,0
192,164500.62788267536,34.64394809475663,856.7741035556008,60.0,1420.0,393.18192550022667,0.1804372296601908,0.08006774078215172,5.542093512980966,4748.322201405577,77,115,0.6695652173913044,26,7.384615384615385,192,0,0,192,0,4,2,Web browsing,0
8461,11701623.008533139,95.58472166792508,1383.0070923688854,70.0,1420.0,125.22528338551703,0.01129709510317044,0.005807983689381227,88.51833067417111,122421.47912703289,7888,573,13.766143106457243,12,705.0833333333334,8461,0,0,8461,0,1,2,File transfer,0
142,21825.848466981883,170.31352063977513,153.70315821818227,70.0,350.0,51.80291524724656,1.1993909904209517,0.9531256388788798,0.8337564713980625,128.15100283872977,77,65,1.1846153846153846,6,23.666666666666668,142,0,0,0,142,2,2,Messaging,0
79,6636.0,39.0,84.0,84.0,84.0,0.0,0.5073468511963827,0.005,2.0256410256410255,170.15384615384616,39,39,1.0,79,1.0,0,0,0,0,0,1,0,ICMP/ping,0
24,2643.32547287956,128.39417133748472,110.13856136998166,78.0,120.0,8.0,5.349757139061864,0.2,0.18692437320161426,20.58758154941135,12,12,1.0,12,2.0,0,24,0,0,24,1,1,Tunnel keep-alive,0
1318,293907.4881058716,26.58197696179853,222.9950592609041,199.01722520214375,247.8013054668376,14.890254546488752,0.02363821254278729,0.004638907351736788,49.58246716916966,11056.64520469082,654,664,0.9849397590361446,8,164.75,1318,0,0,0,1318,1,2,VoIP,0
11208,13659373.229719706,90.35661194289594,1218.716383807968,80.0,1420.0,236.1494386993877,0.008061796211892928,0.07552879000780943,124.04183555580074,151171.81726946813,1703,9505,0.17916885849552866,24,467.0,11208,0,0,11208,0,2,2,Video streaming,0
1439,1100328.4057199524,12.435067979428654,764.6479539402031,60.0,1420.0,454.27946895548166,0.008641464891889265,0.08006274664268366,115.72112049411706,88485.91801349433,481,958,0.5020876826722338,29,49.62068965517241,1439,0,0,1439,0,4,2,Web browsing,0
16799,24220223.630023155,78.19614500520643,1441.7657973702694,70.0,1420.0,156.70123254201724,0.004654809512780906,0.007152331826996822,214.83156233445388,309736.7987694346,14283,2516,5.676868044515103,5,3359.8,16799,0,0,16799,0,1,2,File transfer,0
37,5875.879292780894,28.85643924871711,158.80754845353766,70.0,350.0,36.249963839076194,0.7799037634788408,2.427595925612137,1.2822094812562481,203.624544322187,18,19,0.9473684210526315,3,12.333333333333334,37,0,0,0,37,2,2,Messaging,0
72,6048.0,36.0,84.0,84.0,84.0,0.0,0.491502790785223,0.005,2.0,168.0,36,36,1.0,72,1.0,0,0,0,0,0,1,0,ICMP/ping,0
25,2179.25401848179,589.7326035112889,87.1701607392716,78.0,120.0,8.0,23.589304140451553,0.2,0.042392094062883946,3.6953256535359147,12,13,1.0,12,2.0,0,25,0,0,25,1,1,Tunnel keep-alive,0
1303,220118.78919496477,25.575838070944872,168.932301761293,138.80130176312204,200.18890650558504,9.700515416859172,0.022980003504823304,0.002180435440737141,50.946522119259804,8606.513248339186,655,648,1.0108024691358024,6,217.16666666666666,1303,0,0,0,1303,1,2,VoIP,0
9737,12241909.375483373,20.738063658866384,1257.256791155733,80.0,1420.0,282.6976085994221,0.002129820648954132,0.035168020116400245,469.52310303267046,590311.1098923379,1096,8641,0.12683717162365468,36,270.47222222222223,9737,0,0,9737,0,2,2,Video streaming,0
862,784772.1481237429,33.88274684732963,910.4085245055022,60.0,1420.0,380.4490338786796,0.03930713091337544,0.16296726116306948,25.440676456487946,23161.408715173056,361,501,0.720558882235529,36,23.944444444444443,862,0,0,862,0,4,2,Web browsing,0
20687,29884981.254080728,18.722559436029535,1444.6261543037042,70.0,1420.0,179.27034057807515,0.0009050398528558773,0.006662058207708402,1104.9237189328994,1596201.7028809814,17899,2788,6.4200143472022955,5,4137.4,20687,0,0,20687,0,1,2,File transfer,0
133,20054.07187843686,122.26576249415106,150.7824953265929,70.0,350.0,49.21655011527171,0.9192914473244441,1.6331542084543078,1.0877943038744182,164.02033954023887,71,62,1.1451612903225807,5,26.6,133,0,0,0,133,2,2,Messaging,0
46,3864.0,23.0,84.0,84.0,84.0,0.0,0.5079834805134911,0.005,2.0,168.0,23,23,1.0,46,1.0,0,0,0,0,0,1,0,ICMP/ping,0
57,5344.076075177828,487.05882592191676,93.75572061715488,78.0,120.0,8.0,8.544891682840644,0.2,0.11702898493238269,10.9721368154297,28,29,1.0,28,2.0,0,57,0,0,57,1,1,Tunnel keep-alive,0
1635,353128.3530771668,33.17850596693269,215.98064408389405,190.9443500437114,255.60123386619557,14.20561954315621,0.019225863453166517,0.004174149608915324,49.278891630307896,10643.286754054316,819,816,1.0036764705882353,3,545.0,1635,0,0,0,1635,1,2,VoIP,0
11686,14525095.440350581,75.63236811967992,1242.9484374765173,80.0,1420.0,322.34983112219504,0.006472049299989725,0.014390551999012116,154.51056591945115,192048.66648319422,2121,9565,0.22174594877156298,25,467.44,11686,0,0,11686,0,2,2,Video streaming,0
1152,1282268.087356247,37.39148124094013,1113.0799369411866,60.0,1420.0,428.09830306011673,0.03245788302164942,0.23555025228028315,30.809156571702463,34293.05405404172,433,719,0.6022253129346314,38,30.31578947368421,1152,0,0,1152,0,4,2,Web browsing,0
19168,27158483.005036257,45.82784604126078,1416.8657661225093,70.0,1420.0,184.7296745535494,0.0023908517342060088,0.004971469030750618,418.2609844403821,592619.6701582769,16327,2841,5.7469200985568465,17,1127.5294117647059,19168,0,0,19168,0,1,2,File transfer,0
274,26438.480394540777,86.01728577021281,96.49080435963788,70.0,350.0,37.47819444334791,0.3139316998912876,2.461341296712238,3.1854062534821845,307.3624116107165,114,160,0.7125,7,39.142857142857146,274,0,0,0,274,2,2,Messaging,0
149,14602.0,74.0,98.0,98.0,98.0,0.0,0.5154044123977667,0.005,2.0135135135135136,197.32432432432432,74,74,1.0,149,1.0,0,0,0,0,0,1,0,ICMP/ping,0
7,731.8744846201932,172.1961398974533,104.55349780288475,78.0,120.0,8.0,24.59944855677904,0.2,0.04065131775990251,4.250237462094336,3,4,1.0,3,2.0,0,7,0,0,7,1,1,Tunnel keep-alive,0
10932,4774503.853939129,8.094476873537467,436.7456873343513,40.0,1500.0,612.603015989652,0.0001,0.0005,1350.5505260925495,589847.1177980603,10822,110,98.38181818181818,1,10932.0,10932,0,0,0,0,15,12,Web browsing,1
16268,5880516.0573183345,1.362971449463617,361.47750536749044,40.0,1500.0,453.58866302628985,0.0001,0.0005,11935.686551909874,4314482.199632685,16105,163,98.8036809815951,1,16268.0,16268,0,0,0,0,15,12,Web browsing,1
47770,54062366.55768584,7.824723554894667,1131.7221385322553,40.0,1500.0,584.9382634686392,0.0001,0.0005,6105.00801272628,6909172.723919139,47292,478,98.93723849372385,1,47770.0,47770,0,0,0,0,15,12,Web browsing,1
33026,4555007.650425599,3.436071453687604,137.9218691462968,40.0,1500.0,581.5304866711452,0.0001,0.0005,9611.557979842468,1325644.041987878,32695,331,98.77643504531721,1,33026.0,33026,0,0,0,0,15,12,Web browsing,1
39937,23796059.960078683,9.368726504505048,595.8399469183635,40.0,1500.0,423.5986174942776,0.0001,0.0005,4262.799216179049,2539946.058691766,39537,400,98.8425,1,39937.0,39937,0,0,0,0,15,12,Web browsing,1
39283,9310700.128161041,1.5330097485694671,237.01601527788205,40.0,1500.0,455.39537376810927,0.0001,0.0005,25624.755508995982,6073477.443212184,38890,393,98.95674300254453,1,39283.0,39283,0,0,0,0,15,12,Web browsing,1
21455,21995380.158502385,5.891856819175683,1025.186677161612,40.0,1500.0,463.2782008319536,0.0001,0.0005,3641.466630718586,3733183.075141278,21240,215,98.79069767441861,1,21455.0,21455,0,0,0,0,15,12,Web browsing,1
33084,42149901.30018517,2.133465769427505,1274.0267591641025,40.0,1500.0,659.2691806784671,0.0001,0.0005,15507.162324370347,19756539.759949226,32753,331,98.95166163141994,1,33084.0,33084,0,0,0,0,15,12,Web browsing,1
15222,13780150.787757909,7.6993138387359155,905.2785959635993,40.0,1500.0,640.9226927013235,0.0001,0.0005,1977.05929629947,1789789.4638907658,15069,153,98.49019607843137,1,15222.0,15222,0,0,0,0,15,12,Web browsing,1
42564,56323048.13186288,5.162111353586331,1323.255524195632,40.0,1500.0,545.9116302475443,0.0001,0.0005,8245.463354917565,10910854.933947315,42138,426,98.91549295774648,1,42564.0,42564,0,0,0,0,15,12,Web browsing,1
19193,16285659.21838062,6.471634157491078,848.5207741562351,40.0,1500.0,449.08720006307016,0.0001,0.0005,2965.7115240025773,2516467.838270735,19001,192,98.96354166666667,1,19193.0,19193,0,0,0,0,15,12,Web browsing,1
20066,2330731.554589758,1.2400908634798529,116.15327193211195,40.0,1500.0,663.9431307159056,0.0001,0.0005,16181.072364078427,1879484.498457983,19865,201,98.83084577114428,1,20066.0,20066,0,0,0,0,15,12,Web browsing,1
28086,34646345.43707663,7.5809899888592165,1233.5806251184442,40.0,1500.0,429.41735456873727,0.0001,0.0005,3704.793178895408,4570161.085556346,27805,281,98.95017793594306,1,28086.0,28086,0,0,0,0,15,12,Web browsing,1
34492,5658610.9171900395,8.470294152652672,164.05574965760292,40.0,1500.0,655.7316656925619,0.0001,0.0005,4072.1135982270484,668053.6490480573,34147,345,98.9768115942029,1,34492.0,34492,0,0,0,0,15,12,Web browsing,1
5255,6218719.241304913,7.863140015123976,1183.3909117611631,40.0,1500.0,504.40808895661576,0.0001,0.0005,668.3080792015053,790869.707183621,5202,53,98.15094339622641,1,5255.0,5255,0,0,0,0,15,12,Web browsing,1
13744,2297878.3801081744,5.777731308596282,167.19138388447135,40.0,1500.0,447.56084754997704,0.0001,0.0005,2378.7883627525675,397712.91833687766,13606,138,98.59420289855072,1,13744.0,13744,0,0,0,0,15,12,Web browsing,1
47687,27195944.144884925,8.589726695369452,570.301007504874,40.0,1500.0,403.10367894180996,0.0001,0.0005,5551.631814514785,3166101.217113894,47210,477,98.97274633123689,1,47687.0,47687,0,0,0,0,15,12,Web browsing,1
7260,6868275.789573217,7.33522083515297,946.0434971863936,40.0,1500.0,690.3587053489639,0.0001,0.0005,989.7452528228617,936342.0603041714,7187,73,98.45205479452055,1,7260.0,7260,0,0,0,0,15,12,Web browsing,1
48856,12068881.13007735,6.565116763409117,247.02966125096918,40.0,1500.0,446.89943151785155,0.0001,0.0005,7441.756447090239,1838334.5742369178,48367,489,98.91002044989776,1,48856.0,48856,0,0,0,0,15,12,Web browsing,1
33979,30242083.045869004,7.2031961796582085,890.022750695106,40.0,1500.0,561.4411203132654,0.0001,0.0005,4717.211520068901,4198425.572702365,33639,340,98.93823529411765,1,33979.0,33979,0,0,0,0,15,12,Web browsing,1
39033,12568171.987094574,4.493197729020244,321.9883684855013,40.0,1500.0,468.05113069764855,0.0001,0.0005,8687.131605158911,2797155.332363952,38642,391,98.82864450127877,1,39033.0,39033,0,0,0,0,15,12,Web browsing,1
7274,3948989.502408039,2.445428317866841,542.8910506472421,40.0,1500.0,497.1937824130299,0.0001,0.0005,2974.530043205333,1614845.7403375297,7201,73,98.64383561643835,1,7274.0,7274,0,0,0,0,15,12,Web browsing,1
26975,32593902.294966623,6.9661562711010925,1208.3003631127572,40.0,1500.0,477.3818520360702,0.0001,0.0005,3872.2932633459636,4678893.356180011,26705,270,98.9074074074074,1,26975.0,26975,0,0,0,0,15,12,Web browsing,1
24477,13051485.50849821,9.779745961188116,533.214262715946,40.0,1500.0,578.5139034771283,0.0001,0.0005,2502.8257479426748,1334542.3858957395,24232,245,98.90612244897959,1,24477.0,24477,0,0,0,0,15,12,Web browsing,1
9274,10170951.6903372,9.606213602827005,1096.7168093958594,40.0,1500.0,690.8670625669556,0.0001,0.0005,965.4168003583392,1058788.833026157,9181,93,98.72043010752688,1,9274.0,9274,0,0,0,0,15,12,Web browsing,1
39386,44293799.840166815,7.440963868650803,1124.6077245764184,40.0,1500.0,611.2313082314911,0.0001,0.0005,5293.131467273402,5952696.535294181,38992,394,98.96446700507614,1,39386.0,39386,0,0,0,0,15,12,Web browsing,1
36589,16761248.316259163,4.220319517323486,458.0952831796213,40.0,1500.0,642.1632989276252,0.0001,0.0005,8669.722718815525,3971559.083964594,36223,366,98.96994535519126,1,36589.0,36589,0,0,0,0,15,12,Web browsing,1
22732,29801551.15861664,5.491325556136732,1310.9955639018406,40.0,1500.0,574.9998729965553,0.0001,0.0005,4139.619799921763,5427023.193937656,22504,228,98.70175438596492,1,22732.0,22732,0,0,0,0,15,12,Web browsing,1
40801,48236913.34860693,4.207299739795509,1182.248311281756,40.0,1500.0,655.2335470997982,0.0001,0.0005,9697.668938125878,11465052.725468861,40392,409,98.75794621026895,1,40801.0,40801,0,0,0,0,15,12,Web browsing,1
28092,2867070.582052954,1.5982581718825442,102.06003780624214,40.0,1500.0,556.9877388666985,0.0001,0.0005,17576.634672802084,1793871.9992126871,27811,281,98.97153024911032,1,28092.0,28092,0,0,0,0,15,12,Web browsing,1
26699,14827398.631850488,9.825833976076446,555.3540818701258,40.0,1500.0,535.6548818080323,0.0001,0.0005,2717.2248243768086,1509021.8975764965,26432,267,98.99625468164794,1,26699.0,26699,0,0,0,0,15,12,Web browsing,1
9923,12443855.960384049,9.597184914586093,1254.041717261317,40.0,1500.0,495.4562438369166,0.0001,0.0005,1033.9490265440988,1296615.2128080286,9823,100,98.23,1,9923.0,9923,0,0,0,0,15,12,Web browsing,1
14066,4146961.167879706,7.846343254395055,294.82163855251713,40.0,1500.0,571.5486313548073,0.0001,0.0005,1792.6822143705047,528521.507844667,13925,141,98.75886524822695,1,14066.0,14066,0,0,0,0,15,12,Web browsing,1
21991,14180106.428271675,9.170854092417166,644.8140797722557,40.0,1500.0,634.9950670658084,0.0001,0.0005,2397.9227865137505,1546214.374950787,21771,220,98.9590909090909,1,21991.0,21991,0,0,0,0,15,12,Web browsing,1
23298,11677480.478904303,9.872725963698437,501.22244308113585,40.0,1500.0,439.09718401069847,0.0001,0.0005,2359.83456703505,1182802.0469566223,23065,233,98.99141630901288,1,23298.0,23298,0,0,0,0,15,12,Web browsing,1
8838,1415278.839698595,7.414783792863258,160.13564603966904,40.0,1500.0,479.87370981820106,0.0001,0.0005,1191.9430487651698,190872.5701565032,8749,89,98.30337078651685,1,8838.0,8838,0,0,0,0,15,12,Web browsing,1
48039,20213449.143872403,9.653497113134325,420.7716468675951,40.0,1500.0,535.0285805772578,0.0001,0.0005,4976.3313167245105,2093899.1234969606,47558,481,98.87318087318087,1,48039.0,48039,0,0,0,0,15,12,Web browsing,1
44551,43215994.55097068,7.549357330548704,970.0342203535428,40.0,1500.0,421.5443751291747,0.0001,0.0005,5901.297030903946,5724460.0644475855,44105,446,98.89013452914799,1,44551.0,44551,0,0,0,0,15,12,Web browsing,1
10914,10370810.230438026,2.8615339955494763,950.2300009563886,40.0,1500.0,524.8651093096944,0.0001,0.0005,3814.038210615169,3624213.532520555,10804,110,98.21818181818182,1,10914.0,10914,0,0,0,0,15,12,Web browsing,1
14916,6558966.66001084,6.28921114803837,439.7269147231724,40.0,1500.0,695.4873908877494,0.0001,0.0005,2371.680589011924,1042891.7881150496,14766,150,98.44,1,14916.0,14916,0,0,0,0,15,12,Web browsing,1
27703,31065218.435767453,2.0572830898884362,1121.366582527793,40.0,1500.0,602.0550360451778,0.0001,0.0005,13465.818163849437,15100118.495336527,27425,278,98.65107913669065,1,27703.0,27703,0,0,0,0,15,12,Web browsing,1
28383,29799008.75822207,6.725969458024103,1049.8893266470095,40.0,1500.0,675.403153028305,0.0001,0.0005,4219.912114845985,4430440.688765209,28099,284,98.94014084507042,1,28383.0,28383,0,0,0,0,15,12,Web browsing,1
36159,33833376.35205815,2.274502155561094,935.6834080604593,40.0,1500.0,514.5940136388838,0.0001,0.0005,15897.54483705028,14875068.932925167,35797,362,98.88674033149171,1,36159.0,36159,0,0,0,0,15,12,Web browsing,1
48663,65736008.787679315,3.9697740576124882,1350.8416823393402,40.0,1500.0,670.4457553302248,0.0001,0.0005,12258.380273981393,16559131.032060407,48176,487,98.92402464065708,1,48663.0,48663,0,0,0,0,15,12,Web browsing,1
10813,15076408.704331703,8.23187599143785,1394.2854623445578,40.0,1500.0,475.7989006513847,0.0001,0.0005,1313.5523435055184,1831466.936578369,10704,109,98.20183486238533,1,10813.0,10813,0,0,0,0,15,12,Web browsing,1
46190,41329154.565518565,3.7796254730345797,894.7641170278971,40.0,1500.0,689.2162390394468,0.0001,0.0005,12220.787569969214,10934722.199429004,45728,462,98.97835497835497,1,46190.0,46190,0,0,0,0,15,12,Web browsing,1
42174,19674928.008298118,2.98116319777774,466.517949644286,40.0,1500.0,533.0799103954562,0.0001,0.0005,14146.82699405317,6599748.723238123,41752,422,98.93838862559242,1,42174.0,42174,0,0,0,0,15,12,Web browsing,1
29364,30469122.371139478,9.17034271999664,1037.635280313972,40.0,1500.0,603.1319098588835,0.0001,0.0005,3202.0613510953667,3322571.8276263773,29070,294,98.87755102040816,1,29364.0,29364,0,0,0,0,15,12,Web browsing,1
26781,25435346.323004596,6.850832060259383,949.7534193273066,40.0,1500.0,686.8663520930884,0.0001,0.0005,3909.1601960807707,3712738.262925916,26513,268,98.92910447761194,1,26781.0,26781,0,0,0,0,15,12,Web browsing,1
37844,24423299.861019693,1.9936854790905363,645.3678221387721,40.0,1500.0,494.9505337787861,0.0001,0.0005,18981.930899784344,12250327.404782485,37465,379,98.85224274406332,1,37844.0,37844,0,0,0,0,15,12,Web browsing,1
